bar_diameter_mm,h_convection,T_core_initial,delta_T_initial,T_water,quench_time_s,T_surface_initial,dt,n_steps,T_surface_end,T_surface_min,peak_cooling_rate,mean_cooling_rate,gap_core_surface,gap_subsurface_surface,T_core_end,rim_depth_mm,Bi_surface_end,Fo_surface_end,stability_worst
30.39495494488628,24546.833646807438,964.5353505200221,66.55043866182343,50.64529113260562,0.32209349068681803,897.9849118581986,0.0010374346438609516,310,414.0994881142035,414.0994881142035,-11035.273755646549,-1504.5966808527312,548.4399330111986,176.1336179870642,962.5394211254021,0.7598738736221584,0.4504855563571218,0.015231881444186253,0.022093624030936215
13.492091544260354,22196.41807084169,956.9679715918311,60.09160234368407,37.83146009878837,0.34461384792131305,896.8763692481471,0.0002726431138965177,1264,434.53545994066513,434.53545994066513,-22454.157215986288,-1341.5927899919673,511.46204373846973,74.70036512138074,945.9975036791349,1.0119068658195272,0.18347817118225837,0.019603838903780473,0.023200715413997722
28.493058278930377,17305.317151601877,1063.889146450293,61.46212687970254,35.422270760649205,0.2683067428099566,1002.4270195705906,0.0010368801440163266,259,496.0552758717851,496.0552758717851,-9322.38346004048,-1885.5634075036935,566.0268256650972,206.5932422515645,1062.0821015368824,-1.734723475976807e-15,0.3160661283214677,0.01486446673305124,0.01956262118293
22.36298685702694,24781.050068026336,1081.8104780649787,131.6075790053117,28.551465098780255,0.3242111995327824,950.2028990596671,0.000613384887234992,529,429.4930777999028,429.4930777999028,-16147.155923354068,-1604.7486742772126,644.6535910708367,144.95745805543282,1074.1466688707394,0.5590746714256735,0.33823923784878984,0.016197901956037306,0.021676667968396783
31.274792605107297,21584.160838764437,954.8833197490683,91.49269937236879,26.442285525396624,0.18929872960281563,863.3906203766995,0.001146106962985382,165,441.71156740704066,441.71156740704066,-9260.542855948184,-2229.836050730925,511.658996382199,213.1180242114724,953.3705637892397,0.7818698151276816,0.415713502825986,0.015140842857774731,0.021435095677918077
19.54269205428338,12890.974708026974,1070.4185436604655,89.7715900489942,35.22652220943621,0.3428377202670482,980.6469536114713,0.0005743875151604567,597,559.644845273756,559.644845273756,-9568.371244243606,-1227.7358799707006,503.55121066585787,101.76772262538066,1063.1960559396139,0.4885673013570839,0.16963532255773422,0.015154900386449508,0.017725706801835203
19.785236211471034,20855.728852213222,1046.1932726627374,140.8883643342196,28.428142404056384,0.28715305075164255,905.3049083285177,0.0005296646129566596,542,469.27236981635633,469.27236981635633,-14412.1050817847,-1518.8631801263082,567.7542294378788,119.14392175206001,1037.0265992542352,0.9892618105735527,0.25922766408220654,0.01660858890634403,0.020913994612237245
24.640990279593247,10210.62900075854,973.5419350496512,140.36587260708387,26.18062608104849,0.1119631966233624,833.1760624425674,0.0009393829847862433,119,631.6571678707617,631.6571678707617,-4974.236570727143,-1802.7110521104926,339.66393562674784,122.04576560816167,971.3211034975095,0.0,0.17964915230826528,0.012621644595761492,0.016629816969004948
12.541641831520916,14835.807425491721,1021.7000229493813,71.9987729550415,26.510653781124894,0.26888964547641997,949.7012499943397,0.0002523039329708342,1066,559.1422380508374,559.1422380508374,-16789.030358609743,-1452.129801031981,451.2003407920224,66.95914013727872,1010.3425788428598,0.6270820915760464,0.1251788848355488,0.016183797503925384,0.018209667227871103
13.934143936117035,11336.578129069341,1036.8852710561155,142.73854313400784,43.94301015009361,0.12036894580269335,894.1467279221076,0.00031745727630695284,379,653.8875740354687,653.8875740354687,-9845.498953308557,-1996.8960022036301,375.1787987832287,87.06424405380767,1029.0663728186973,8.673617379884035e-16,0.11970717546574422,0.012577340888736863,0.016660322449041257
24.935491891401014,24455.867113815708,991.8586909733797,110.53916685709733,31.26826408399997,0.23476934191639248,881.3195241162823,0.0007516627200913165,312,436.74794453318714,436.74794453318714,-13306.152196483314,-1895.675907336565,551.4863922115861,161.2597962014903,988.2343367447733,0.6233872972850243,0.37412675602011963,0.015760761654899015,0.021657284285252675
17.349495737439334,20800.881497058122,1082.992295541358,66.42721376846127,45.639270766359026,0.2131631130651147,1016.5650817728969,0.0004174502873329433,511,523.7480914812015,523.7028285906674,-18409.63285418502,-2310.2554723546605,555.0112249533283,125.97878761483412,1078.7593164345299,0.43373739343598344,0.23606808489944578,0.0152125373701771,0.018805504916749552
17.155375220646835,20352.981815424042,981.7354243145777,137.61976935132967,28.235320312111664,0.32639086811886375,844.1156549632481,0.0004228569679472936,772,445.3784518884144,445.3784518884144,-15011.610953176481,-1221.450766723308,523.0890025206224,92.535828152958,968.4674544090368,1.286653141548513,0.21561926591338498,0.01844239118802765,0.02241892603767765
23.83957548774749,12596.483053726808,975.0839216149182,153.76560218976,33.9592989807667,0.22076376128337177,821.3183194251582,0.0008475229452850928,260,543.3311203200523,543.3311203200523,-6271.4890200769905,-1261.5369778100617,426.599267294368,111.02139823171342,969.9303876144203,0.5959893871936868,0.1996883440928441,0.015637777912943133,0.0187604598896704
20.302500557318425,23177.29856417673,1067.0694101623508,72.58968712829143,41.84193641104832,0.32895789801037356,994.4797230340594,0.0005338294973838873,616,459.2409039916959,459.2409039916959,-17308.26162573542,-1627.6623735017113,602.6457951725429,129.5938757946729,1061.8866991642387,0.50756251393296,0.29340757461794226,0.01620295470871383,0.020957024351441922
23.011081889567187,13409.110388747667,1052.8884609311065,84.43649646231725,36.83492439554261,0.27557071558620044,968.4519644687892,0.000767728176315123,359,548.3585816774812,548.3585816774812,-8424.378778981738,-1524.2068610178526,500.62440014843924,144.28798429623976,1048.9829818259204,0.5752770472391786,0.20593172507685661,0.015021969407379078,0.018115469481492417
28.246733537613043,10127.370502420517,1002.4704985244699,69.33968372257507,49.85457096546462,0.19595845536091216,933.1308148018949,0.0011915028739341578,164,650.5115501670068,650.5115501670068,-4889.1905388596315,-1446.314764901229,350.4823276691898,139.96489790667147,1000.9938778361966,0.0,0.21254160966116525,0.011471293888229749,0.016600336606725993
28.690251434746482,17150.92470867957,1075.8053122740087,80.21385163514017,27.727531924892812,0.2540532326825645,995.5914606388685,0.0010493689411013984,242,501.940902267957,501.940902267957,-9145.519779203876,-1943.9095826818054,571.6585713359436,209.97729627008414,1073.5994736039006,0.0,0.3168046377795278,0.014657458862677636,0.01930100980843655
11.866465664721039,21982.921928103686,1060.6360559275415,112.63293943920078,40.23470216879247,0.19142532517960753,948.0031164883408,0.00021109697047743862,907,522.1066792294371,522.1066792294371,-25920.899441305428,-2224.409388318644,524.7370330889953,84.28796690359911,1046.8437123184324,0.5933232832360524,0.1704050624691081,0.016504178732259664,0.019316574340131697
17.803518331292228,23634.301571477226,1070.8103701175412,85.54675617400818,36.42839534801124,0.22432195464970733,985.2636139435331,0.00042369163923082124,529,489.4527551716099,489.4527551716099,-19950.486639790382,-2212.1290953367647,575.9420196372059,128.25662051924286,1065.3947748088158,0.4450879582823062,0.26820430993644995,0.015768243818174352,0.019997354770337497
19.841916407806533,18120.504601953355,1075.728888919715,86.76403209963823,33.09791929130691,0.34187750382531473,988.9648568200768,0.0005476463156908918,624,504.8077005415415,504.8077005415415,-13694.967811298164,-1416.777318537529,564.1608724675933,113.8792628131107,1068.9685730091348,0.4960479101951635,0.23194609122921073,0.015897154164178022,0.019584436934227283
13.104571755547799,8145.664274334019,1087.4741492580692,121.56872590463705,29.441470351573155,0.10378119995067633,965.9054233534322,0.0002880660292476799,360,783.9203533909524,783.9203533909524,-7941.479937954899,-1754.8549009729577,296.9540542105101,67.88778060660104,1080.8744076014625,0.0,0.10778668941486325,0.01360157868132823,0.01667086336078263
19.512027758210984,13659.593905863956,1086.8522711271296,120.32953268816172,34.152072039337924,0.15063237356794046,966.5227384389678,0.0005642079372575243,267,627.9171720174074,627.9171720174074,-9921.721126477058,-2247.727403823232,454.667616988585,138.41266383782613,1082.5847890059924,0.0,0.18949833808014482,0.012245754441825569,0.01662182334291584
13.674633041667489,12947.518100002326,954.3783354172905,72.25154883427425,42.35310867725126,0.2297617799781766,882.1267865830163,0.00030836345208966966,745,575.8036715810035,575.8036715810035,-12152.709906345277,-1333.400452158932,370.90292516432226,63.98876614236758,946.7065967453258,0.683731652083375,0.12073610202499589,0.0159350469885459,0.017858982447528083
26.042638721961247,20441.990730107245,1090.6671077506644,121.41322126625474,33.928054426984744,0.2449909949667165,969.2538864844097,0.0008410855677929584,291,474.1040713017418,473.79250533412727,-11570.693077064165,-2023.0352556237453,612.6344025298882,186.82485188539135,1086.73847383163,0.6510659680490308,0.3356382178745969,0.015080917688274296,0.02015370136434377
14.113035962779541,12563.115176844807,1025.7149377277503,61.07432730941016,27.394571212943227,0.13305323329456675,964.6406104183402,0.00032124517271713644,414,649.0332392931944,649.0332392931944,-12821.615184625407,-2373.0680177444265,373.0847575272197,99.49730389384229,1022.1179968204141,0.0,0.12832717504708208,0.012354335547851364,0.01662830877529975
21.393021427925902,25980.217320959244,967.3182513464283,64.20522541801373,42.29461295270221,0.20586832839785932,903.1130259284146,0.0005745206309549461,358,449.31992624914506,449.31992624914506,-16817.603922469203,-2206.323711330081,515.5068090916986,147.97026489059238,964.8267353408437,0.5348255356981465,0.3440157513415154,0.0159975797809021,0.021500999208874973
17.06822548700052,13488.877623314715,1045.3612868826522,141.43817961935625,48.558510512843384,0.10216322855330655,903.923107263296,0.00044893863622141763,228,641.8661616216174,641.8661616216174,-10059.081601816082,-2560.199715216714,399.10383901168336,118.47475151770857,1040.9700006333007,0.0,0.1655984339737609,0.012123867848215378,0.016637530037411495
12.738371573929834,18771.41301814791,1023.427270540465,83.91415714512804,46.63720174547162,0.1737766485124796,939.513113395337,0.00024971901664407476,696,555.1178484003605,555.1178484003605,-20417.532287424972,-2211.6539414127155,460.3697433062256,83.38541957391749,1015.487591706586,0.31845928934824513,0.16026023411059584,0.01568351582299737,0.018196959740468165
21.837297713355326,23958.65268141823,1054.1412257349994,77.83460407265736,45.40541613668725,0.3384380799918929,976.306621662342,0.0005992842911213617,565,444.7505585119901,444.7505585119901,-16285.829923493447,-1569.8846196287634,604.4694693502032,137.0324518022295,1049.2200278621933,0.5459324428338831,0.32282879205354414,0.016149373317232468,0.021362855997656364
31.307337608667787,15203.196600809064,1044.6202854099033,79.28067849136153,27.91139937839445,0.28889097447368006,965.3396069185418,0.0012713262310055135,227,503.35440982354913,503.35440982354913,-7181.079428762891,-1600.8299286831893,539.206064956089,202.3707455663777,1042.560474779638,0.0,0.3068760869665247,0.01486888123653154,0.01943178532796832
11.782965883274631,16577.165999958153,998.0633025971628,75.45625658067952,53.05315934247331,0.31323292892708093,922.6070460164832,0.00022266541509592214,1407,523.6595695441932,523.6595695441932,-18850.414354792185,-1273.4117656994774,456.9328173284224,60.56422252928394,980.5923868726156,0.8837224412455973,0.12783760835724728,0.017595425248817853,0.01984478233065545
26.642165542478246,11785.066619836252,1079.211678920844,102.30345528197371,45.47003086042396,0.29046893248298433,976.9082236388703,0.0010182304107797077,285,590.2215028875497,590.2215028875497,-6322.96532161577,-1332.5034265762883,485.24878695929453,151.5388583343073,1075.4702898468443,0.0,0.21664938997130379,0.013322232747073648,0.016604337310578775
11.899464062257133,23110.690289813,994.0556487904397,83.67136226232317,27.024962940689882,0.2770233760406037,910.3842865281165,0.0002138695785263373,1295,451.7011467087169,451.7011467087169,-26930.481839511594,-1656.1283619885994,526.6191565213342,74.35991429588739,978.3203032300511,0.8924598046692852,0.1705472610606343,0.019163833968731763,0.02243217336351971
13.739489002784033,20203.110319100033,1044.4670444455533,89.55372355439786,34.74390837476857,0.30437236252849137,954.9133208911554,0.0002806559598726801,1085,489.91870757278014,489.91870757278014,-21100.211785456046,-1527.0171496886196,541.2391255553242,82.8374360287919,1031.1578331281044,0.6869744501392019,0.1770534794261908,0.017521406613766093,0.020623632619174454
27.94121037735976,9602.566501723373,1011.9500560870849,62.36597924563629,28.31422964351921,0.23677542333170182,949.5840768414487,0.0011780955228067433,201,642.9632417008714,642.9632417008714,-4883.632839971341,-1294.8668102140025,367.3338924660401,137.4662295766101,1010.2971341669115,0.0,0.19343826520090268,0.011824276149232227,0.01660310609031824
31.408527882442897,8896.28738589049,1078.2681093622484,125.10040363436251,37.58495256541095,0.22729642331443684,953.167705727886,0.0014512264024332084,157,680.5969619979228,680.5969619979228,-3879.8744913048686,-1196.3118806990942,395.1033954491261,143.02890045527238,1075.7003574470489,0.0,0.2529374444543247,0.011442026178426207,0.016619432295047594
20.572361645532002,17181.331302288592,982.1783884432795,79.012531928448,44.14875702543068,0.20143533414903048,903.1658565148315,0.0006055107371419125,333,526.7086548112089,526.7053006961193,-11300.517392729747,-1867.0223959267828,452.2028555380847,123.19903702529393,978.9115103492936,0.5143090411382987,0.2318431536008771,0.01559001753615244,0.01920459199265658
27.32008757923836,15586.823077887479,1076.964915100734,123.09681428011396,50.70168840439284,0.225168315602819,953.8681008206202,0.0009931874633533598,227,539.788872025051,539.788872025051,-8013.204273711955,-1836.6498159649548,533.8621933208308,184.80886096237236,1073.6510653458818,0.0,0.282194325353468,0.014070750974939495,0.0180414370535292
22.46912248187466,17215.86917253161,993.1331545996112,68.03587275845797,48.89910816080115,0.13037119000134761,925.0972818411533,0.0007035351119393953,185,562.6336047462215,562.6336047462215,-10626.218308489686,-2784.883207934106,428.9780415174479,171.76290303249107,991.6116462636694,0.0,0.2608365285243968,0.013936337571054367,0.01757144348343231
21.886254284120966,23186.095487350245,1053.6918398145085,133.91153840156682,34.269699208965,0.25672177543592667,919.7803014129418,0.0006084404335014615,422,459.3975651207376,459.3975651207376,-14783.386706859968,-1793.0339460267096,587.9168189203158,142.34079111713248,1047.3143840410535,0.5471563571030242,0.31645124480265135,0.015886861474837706,0.02091427856455738
23.361219404230916,22657.62285292179,1057.6564539891483,132.92901965227108,51.667403448721004,0.18463854557010317,924.7274343368772,0.0006832157317086623,270,480.8615614290269,480.6833314760062,-13348.629841893713,-2406.1911942880974,572.810215339961,173.70306869797616,1053.671776768988,0.5840304851057725,0.33528982531957807,0.015023467075775501,0.02006709325901754
15.886690447657202,14892.56481311146,978.4408344092506,150.04233095329278,39.75917156182881,0.15953946746672745,828.3985034559578,0.0003946514806141029,404,560.2786460441963,560.2786460441963,-11010.947949794308,-1681.643287801042,409.9466952970348,84.38141955911033,970.2253413412311,0.39716726119143,0.15931152449354893,0.015731525344928738,0.01823773863023824
19.714226175244978,24332.166990087306,1073.9634566889517,66.19588930159061,39.9844832663038,0.32785672002792865,1007.7675673873612,0.0004995952573533111,656,451.725151640899,451.725151640899,-19050.439205786235,-1696.6246602305405,617.2281870250788,129.99006073674383,1068.9533386659778,0.9857113087622487,0.29745915620339836,0.016309016611062373,0.021160282930696193
30.536231082675464,10005.034048317943,1039.6788199794155,109.97439776746799,45.544225496816736,0.3008245216598598,929.7044222119475,0.0013599307864300687,221,601.96040004754,601.96040004754,-4405.536734166468,-1090.5000754276068,434.5933729284005,146.1006235199328,1036.5537729759405,0.0,0.21295400207775142,0.013088947662273663,0.01660765516651185
10.144635501663977,19124.760755871925,993.9866545168431,135.2348093639815,25.565964273660025,0.16275265397632,858.7518451528616,0.00016562030750248935,983,533.1831143416033,533.1831143416033,-23390.00624696041,-1999.7494315395588,441.93889065761175,65.39181203319663,975.122004999215,0.5072317750831994,0.1278503154660687,0.017280116030798563,0.01948938431662643
10.465006993111759,18664.864212889333,1005.5312487644413,103.85814472886295,45.84782624689936,0.27825770899600144,901.6731040355784,0.00017534981762681208,1587,504.74016985492216,504.74016985492216,-23171.030115103116,-1426.3788455571905,473.13101982020424,58.42310974343337,977.8711896751264,0.7848755244833812,0.12599178510317122,0.01830098676532104,0.02060676075703335
22.127986021392836,18162.518372725033,970.3571918370643,103.59728959571613,25.94753729400362,0.24692766077564182,866.7599022413482,0.0006795607074202121,363,489.89755833695153,489.89755833695153,-10859.1301737921,-1527.7344082472841,475.94826342694216,122.19157471778283,965.8458217638937,0.5531996505348212,0.2564142884614059,0.016356822083086406,0.020550944979010815
11.70412905854702,8206.949842912889,966.5416353615528,137.9913396889225,30.6037579065491,0.33829203619100834,828.5502956726303,0.0002412744472367306,1402,607.6094706578493,607.6094706578493,-7238.1785376929,-653.1555604237711,327.9596423633217,37.511072893529786,935.569113021171,0.5852064529273506,0.06732936924616964,0.01553892585188263,0.01668033680494819
28.70573558510808,23512.92040568217,1082.2551073298534,146.03299568662106,40.461026122961435,0.31181563196833517,936.2221116432324,0.0009419400777014409,331,435.87958406850294,435.87958406850294,-11620.376672450651,-1604.7823852291456,641.4331467084708,178.43578450165535,1077.3127307769737,0.7176433896277021,0.4138655546782485,0.014926227210445854,0.021103678514150594
31.16477013366547,19575.963433747605,1030.115982991013,81.74762952163493,51.70712139279387,0.19522383359766937,948.368353469378,0.0011638700550628287,168,493.51391256254266,493.51391256254266,-8973.799668825657,-2326.2621960091396,535.1624097990777,233.4183699509511,1028.6763223616204,0.0,0.39020218354245756,0.014019674603911018,0.019490182246911836
27.07254671847632,11580.813101862886,1060.4333841706248,64.64337193150767,31.426106136298813,0.3206596294297521,995.7900122391171,0.00105629127810702,304,581.0517497279465,581.0517497279465,-6416.193057286596,-1291.5666621905682,476.8610754500702,153.55967695303207,1057.9128251780166,0.0,0.21477908356065217,0.013730484409716252,0.01667950526807893
14.501472435513941,19418.974645696548,1011.4084018875434,154.94541740593124,29.581026796013653,0.11513094027272669,856.4629844816121,0.0003149172868071689,366,545.0827873562936,545.0827873562936,-16804.950921985735,-2701.552444268054,458.8860290684395,102.35926567311162,1003.9688164247331,0.3625368108878483,0.18726209172396047,0.015638024856899677,0.018566434102034
20.10911452926572,12951.53426219854,972.2709129951155,131.91984826195,47.433581939749764,0.12144356883757083,840.3510647331655,0.0006216473486920202,195,586.3775460627946,586.3775460627946,-7702.706561417026,-2095.1240339302926,382.48242838060105,122.8896399015149,968.8599744433957,0.0,0.17909478340963922,0.014432088966419857,0.017016800814009466
22.3255527820783,19290.4223797832,1043.0489020430132,91.24454628732238,32.21835411853662,0.2461299351607573,951.8043557556908,0.0006663455697438674,369,500.42596106394757,500.42596106394757,-12543.439924926925,-1835.755706399672,538.6374421719079,140.63060732491437,1039.0634032358555,0.558138819551959,0.27687879659402653,0.015419367734044658,0.019688663716487705
28.96638725071529,8473.927862206228,997.5763004677954,114.68988015527901,29.09339485813492,0.23974400844144086,882.8864203125163,0.0012945028326270787,185,629.6916186836883,629.6916186836883,-3726.130425606019,-1057.2557393076709,365.0393803189596,123.29535718307363,994.7309990026479,0.0,0.1751482693357968,0.012671859344549716,0.016624298381913004
30.896513155898237,23338.228531151857,987.9788766952942,105.17734336288324,29.89312960349811,0.3112671332308712,882.8015333324109,0.0010826243103777221,288,413.83673611274907,413.83673611274907,-10318.76752746898,-1504.0766909971983,571.1620419153805,179.76655897375832,984.9987780281297,0.772412828897456,0.4353367043696059,0.015390398928777093,0.022090404477364427
23.94063424687688,13892.189539866009,984.8043439738426,124.03414752683616,43.00269864685913,0.2269777569359003,860.7701964470065,0.0008322600534223497,273,535.467222500811,535.467222500811,-7301.881563912836,-1431.7471807651464,445.07191367022415,124.3882896065096,980.5391361710351,0.5985158561719224,0.21975624546816422,0.015509885504585331,0.01891827971071411
11.005030550503529,21197.14852407307,960.0959585749939,121.3047847826512,42.82175246942638,0.14101148728581922,838.7911737923428,0.00019081732231369524,739,521.4825178829751,521.4825178829751,-23386.635344588853,-2250.1925569946375,426.4229505511671,73.63485495531029,947.9054684341422,0.550251527525177,0.1523261528695404,0.017369617657667407,0.02001546469227472
23.292913877724025,11974.321046734605,999.8090191524983,158.20012588058134,37.17539233922123,0.2847501693993656,841.6088932719169,0.0008165203171724697,349,548.7129760452334,548.7129760452334,-6174.0264412540855,-1027.8290670610468,443.8464192945203,99.72190062749212,992.5593953397537,0.5823228469431004,0.18627943400698324,0.015579048088330117,0.018481104348591827
27.45585467135803,18706.407992344968,952.720724108525,120.4853818313482,37.117106835747975,0.30690891320800395,832.2353422771769,0.0009756416841041249,315,454.10875954225384,454.10875954225384,-8561.364915256481,-1230.371630804598,494.39489791429133,137.592185710754,948.5036574565452,0.6863963667839492,0.3192217932892001,0.016348301605667765,0.02156703576146174
17.6349415480748,21539.86305760074,1024.666590560418,133.18360557543974,33.861873392646466,0.3469706104412874,891.4829849849782,0.0004325154196645694,802,445.033196524755,445.033196524755,-16328.153426577608,-1287.0536722345132,566.5191905645361,100.12170744629134,1011.5523870892911,0.8817470774037401,0.23448384403240202,0.01786285016320206,0.022051399934844496
24.39664629268169,21790.56680059387,965.9605970878438,75.6420361045763,45.203193626831215,0.14773420665116718,890.3185609832675,0.0007588569015409991,195,480.2588631301111,480.2588631301111,-12074.751990195007,-2771.102484711592,484.0845554768847,188.10000599399575,964.3434186069958,0.6099161573170433,0.336630722676143,0.015318635973550765,0.02047535947173992
20.875944939831495,21088.109428739677,993.3617517336868,157.34397666886025,27.96098492530453,0.2673002626816148,836.0177750648265,0.0005865418317768513,456,450.7029087276976,450.7029087276976,-12728.840232102468,-1440.6282658606053,534.2480715541074,119.67378810978778,984.950980281805,1.043797246991574,0.27287468416289107,0.017107816426833147,0.02177610643102196
29.6028668193057,21410.40105365227,1065.5705599409991,80.50813422333269,44.19407607113915,0.25547894430033713,985.0624257176664,0.0010280975448318788,248,452.3356507393235,452.3356507393235,-10852.151443811767,-2089.3852391616815,611.1548842362033,222.85988719789697,1063.4905349755268,0.7400716704826436,0.39330747792414733,0.01486776744868311,0.020715371566287402
18.996640624253658,25606.34234964995,1074.6029355000078,90.38565060581575,43.54938486570557,0.14606070084923262,984.2172848941921,0.0004620189291071364,316,488.2756004621993,488.2103041651583,-20146.32879886974,-3396.907813411023,583.0610262065823,175.81951744990687,1071.3366266687815,0.47491601560634145,0.3097396265469872,0.015138503241393455,0.019829880447856746
29.879735351256134,22931.139229239678,1086.3853629795503,85.42628097882202,45.334903630427874,0.22753398254353516,1000.9590820007284,0.001013109664308778,225,446.9674248518719,446.9674248518719,-11703.963973948887,-2430.3244057628253,637.4719757025679,250.7316798291215,1084.4394005544398,0.7469933837814038,0.4234873731901192,0.014523389609040796,0.020673861724390154
23.978019218700844,21046.682347670117,1049.0007413355406,80.85346666261538,51.1358045781068,0.2309012930918079,968.1472746729253,0.0007317650138162868,316,486.7173585138955,486.39933669208807,-12791.537042214915,-2081.969435738571,559.4021844499393,167.1482005276343,1046.1195429638349,0.5994504804675214,0.32110447926453656,0.015096721737080385,0.019955938639992697
31.152764617164713,24980.026858085774,1015.5835788159734,91.72497916407353,36.24547796365079,0.32462623608379304,923.8585996518999,0.0010608348677846515,306,408.7813616107992,408.7813616107992,-11426.971534396404,-1586.7304129641734,604.1166105209262,190.51478875163957,1012.8979721317254,0.7788191154291177,0.4681092329304883,0.014961783129462088,0.021965531953466906
21.18227001821584,11292.775158258766,1063.4642445312084,149.53720534321798,44.29008978863935,0.12212056740536213,913.9270391879904,0.0006832418041932162,179,669.4949874539649,669.4949874539649,-6849.164301682031,-1998.6221277409961,390.35607496473233,124.0961008615136,1059.8510624186972,-1.734723475976807e-15,0.2002150256213215,0.011789737515590072,0.01663749999551389
28.822603468557993,13188.91511868516,1084.748642541468,141.82472368049758,41.51970374111761,0.20008271591214188,942.9239188609704,0.001137600318748597,176,593.7114437791256,593.7114437791256,-6322.944184041257,-1744.1642354851015,487.99217331965724,176.53854033268442,1081.7036170987828,0.0,0.262918379291627,0.012590928212046227,0.016599072827287707
17.61791972991033,20214.51773471231,995.7356920149617,129.86650602439306,52.453610228491385,0.10676162150037317,865.8691859905687,0.0004420939525193549,241,531.3722532125952,531.3722532125952,-14499.585656232874,-3139.5002578239014,460.4862196129244,140.08146489373564,991.8584728255196,0.4404479932477584,0.23433092483068055,0.015357163083729624,0.018955821311915574
24.347735571254116,21204.86059344034,1071.2399621751133,76.96636964821349,48.84375381603472,0.20353977875408624,994.2735925268998,0.0007452578407168794,273,484.33530161086907,484.33530161086907,-13089.454169049644,-2506.3886959370598,584.5508692867677,202.95431831352897,1068.8861708976367,0.6086933892813524,0.3279252778719663,0.014982931141929405,0.019896212999983145
31.569343101961273,13681.099644662709,1082.0372172250595,92.80746450125983,35.11326894540324,0.277836232712138,989.2297527237997,0.0013185420841223356,211,558.6221879634452,558.6221879634452,-6459.139254536047,-1547.765649923938,521.1041220794777,195.26363819221092,1079.726310042923,0.0,0.29053224640369263,0.013365783006009897,0.01724897396769025
21.760072179118346,10468.70285908156,1006.5049488037753,75.23140939900382,52.047274984250436,0.19099320459586352,931.2735394047714,0.0007382515555219654,259,641.8901925576243,641.8901925576243,-6467.880584387712,-1513.4546092450607,361.95941893935355,116.3624767260286,1003.8496114969779,0.0,0.16402008842941126,0.012265253272300713,0.016617729558083223
28.771780479775394,23243.475628658995,969.3226054287248,121.97114535892959,54.04541394970879,0.20242352782129985,847.3514600697953,0.000971143140658549,208,449.3879398783791,449.3879398783791,-10226.724364645732,-1970.1381543703142,517.3735681296826,178.57326691682778,966.7615080080616,0.7192945119943849,0.4140439978173822,0.014948183219818853,0.02113738876025936
13.044065670083013,23016.243180726247,961.5539797629147,98.22726527631536,28.871379342502067,0.18827286239388957,863.3267144865993,0.0002545453078973264,740,478.1250677183015,478.1250677183015,-23077.316812686062,-2044.990615631664,474.03007720544116,87.38607738250158,952.1551449237427,0.6522032835041512,0.18978990533045278,0.018050293146737225,0.021476056574243403
11.981979103369536,24010.959721024563,998.3554956960481,68.38337067590183,48.46753834223773,0.25335808566262685,929.9721250201463,0.0002144992611645133,1181,467.6290720791897,467.6290720791897,-27930.27208893932,-1825.1082917998206,519.3656750296007,77.78001850966149,986.9947471087904,0.8986484327527149,0.18046934269172654,0.01839721289502694,0.021717345813552207
24.147890570369597,25414.749417846593,1073.6489914023148,159.75430521175292,29.044039123690112,0.20786079391255302,913.8946861905619,0.0006917979082001203,300,448.66474865051816,448.66474865051816,-14707.60469660893,-2241.6466428779854,619.9152494833539,173.84263881455115,1068.579998133872,0.6036972642592398,0.37970154237698606,0.015136870612640319,0.020884363731020723
15.746470563321353,12010.858861887174,1078.1430241965797,149.7315020754939,32.81826854412909,0.2664950787930893,928.4115221210859,0.0003906868069515642,682,584.7813138456088,584.7813138456088,-9911.389067663316,-1289.6688636764384,478.9191231646928,83.42956913043429,1063.7004370103016,0.3936617640830338,0.12992741034154426,0.01485809590333214,0.01678856982665839
26.705011285987613,23833.471144199088,1084.3529234378977,81.28049318144713,53.598197008286135,0.1456589999816013,1003.0724302564506,0.000832246406047995,175,508.5263813540423,508.5263813540423,-13524.545758962704,-3395.6018334989417,574.3511169260432,249.16923615680525,1082.8774982800855,-1.734723475976807e-15,0.4114771398290636,0.013232203077975398,0.018676952154138046
17.902615135246695,22423.232213953874,969.1068855167194,134.40570468326135,30.51489989094448,0.15139668813241616,834.7011808334581,0.00044537155444807167,340,487.9841405043683,487.9841405043683,-15772.197135519607,-2289.6747463623888,475.63906554602994,120.0430999899458,963.6232060503983,0.44756537838116717,0.25562827496789037,0.016440736190919993,0.020643453222607036
16.392744121260897,19630.51357544528,1050.0531419445035,90.24180926940005,49.97842909024101,0.25848916146627454,959.8113326751035,0.00038637764732233563,669,516.7296167564131,516.7296167564131,-17052.949224340475,-1714.1377424123064,525.5941199940531,100.89053701648504,1042.3237367504662,0.40981860303152245,0.20941607983992175,0.016017606832045086,0.019371951263229117
15.230109231070157,10294.617822661798,967.8158235778794,136.0189328522127,41.653947140135244,0.1293734862811737,831.7968907256667,0.00038776843687931065,334,618.5033573513658,618.5033573513658,-7597.075798785184,-1646.8679051745244,342.7538249385967,82.4238251905399,961.2571822899625,0.0,0.11074574817961966,0.014251267457585712,0.01665809916391455
24.720923245792847,14366.003887677085,1011.6713873270639,129.02710293960916,54.92529291767413,0.2970350596981936,882.6442843874547,0.0008672370925095882,343,528.5296825873783,528.5296825873783,-7408.633482708615,-1190.45194883575,477.640400940062,118.05585584019036,1006.1700835274403,0.6180230811448205,0.23339471545907045,0.015399914332596224,0.018994172956346582
26.827357831273993,14064.740203668816,999.7361080207733,67.61989809397772,32.033293497974924,0.34826125231450344,932.1162099267956,0.0010076915560861697,346,517.5205795540103,517.4857661021872,-7428.029082357209,-1189.1071823875666,479.3554817066474,132.11637402263,996.8760612606577,0.6706839457818504,0.24593096435293327,0.015570792730478634,0.019401508754755298
24.691823909773927,19917.719222998247,1079.49632928911,64.02880442924655,35.657172598821276,0.19651155767783685,1015.4675248598635,0.0007766449665764785,253,507.3756311125636,507.3756311125636,-12567.47649491713,-2585.825494479208,570.2782220591904,209.68941780197963,1077.653853171754,0.0,0.3178013703594582,0.014479192668954716,0.019080699940847146
20.26103419370111,21901.974787761646,1099.4700818610338,95.43918010648696,38.20207854095495,0.12833522313642348,1004.0309017545469,0.0005369409203057144,239,540.4505508888894,540.4505508888894,-16478.049722260115,-3612.4397800027914,556.3406701653084,198.5170295786079,1096.7912210541979,0.0,0.2939611465515495,0.013809526375906924,0.017868990582702388
15.435022820650332,25090.671154702377,1025.3280837377085,87.21576560575267,47.88060791524182,0.10139962973558911,938.1123181319558,0.0003293879375951842,308,518.4727000533707,518.4727000533707,-22921.87104367182,-4136.357580092692,503.58858215431917,149.54977467490824,1022.0612822076898,0.3858755705162583,0.2522241065265046,0.01534358426609202,0.019213606098521213
15.536273319684225,19273.728270241932,969.8687279242582,101.80604144929029,43.14170465660618,0.22298487321227073,868.0626864749679,0.00036048171140463085,619,503.2169261967427,503.2169261967427,-15944.549530149457,-1635.0664925452922,458.5057130453811,90.31570654581077,961.7226392421238,0.7768136659842109,0.19291318069421465,0.017124912304211717,0.02042853360592669
25.510398456568268,13263.320917159146,1070.5402325672796,77.33494638927895,37.94292020557156,0.3473132309944773,993.2052861780007,0.0009194927936092007,378,535.2904759770765,535.2904759770765,-7737.99903756169,-1317.4816053166999,531.5574484191943,150.95420930124294,1066.8479243962709,0.6377599614142069,0.22357153926228268,0.015097746262326519,0.01847317263358623
14.458939000419129,13367.598521490614,961.8111674568013,135.0943701621129,52.176533653290484,0.22368721959424448,826.7167972946884,0.0003398674533604014,658,562.0279481760779,562.0279481760779,-10520.098420120145,-1183.5869679570076,387.31891994140085,65.72091778894617,949.3468681174787,0.7229469500209563,0.13037214118892157,0.016283201888118326,0.018406077783683802
14.833366022751534,12412.786891335312,988.2388377277564,95.96119128584272,40.93539703348427,0.292712417690666,892.2776464419137,0.0003571958795316377,819,570.1491906145716,570.1491906145716,-10713.39275598761,-1101.1303892983046,406.9190922766145,65.79407377664324,977.0682828911861,0.7416683011375766,0.12502067210248113,0.01592373049309454,0.017914525981719994
10.235163676989458,24485.20130072448,976.4789711663608,93.95938875765738,31.807820580761874,0.19390100470813398,882.5195824087034,0.0001620129723806239,1197,471.241920596865,471.241920596865,-31719.793550363152,-2120.7583300048964,489.2798297768721,70.81764273430775,960.5217503737371,0.7676372757742088,0.1576115432725919,0.018911522828766566,0.02189219712744332
14.229531201495076,8909.89390233946,952.8092742452401,88.65698191971309,40.88166958075337,0.23769186356864094,864.152292325527,0.0003484817262602252,682,615.1395385782782,615.1395385782782,-7468.694459808106,-1047.7488840625736,328.70456494843074,59.11642917831534,943.844103526709,0.3557382800373774,0.08937161661830793,0.01483100835993898,0.016652423986422082
24.54425659561243,17274.665633801385,1019.6293568728531,68.53856206842343,53.20739922415595,0.17603967021545686,951.0907948044297,0.0008132054918855331,216,539.4047811996455,539.4047811996455,-10007.81873589164,-2343.754174937493,478.4747993870267,182.40481529459657,1017.8795805866722,1.734723475976807e-15,0.28080851757629444,0.014287022860702617,0.018298940570795147
11.579983084391383,12992.386281783893,1052.2874314252915,147.44323486740143,46.57505915207342,0.1993619120662481,904.8441965578901,0.00021958165683847927,908,598.383242715701,598.383242715701,-13630.510964704625,-1537.0685719487024,434.29345064903714,63.81588503959938,1032.6766933647382,0.2894995771097848,0.10445380100017757,0.014852739358052069,0.016664428120569084
16.009484077083812,22868.043424798954,979.2706655818621,79.89486129327254,35.041124670878155,0.13985881015182933,899.3758042885895,0.00036377871725504977,384,511.7742977838454,511.7742977838454,-19581.47795086896,-2774.70581788255,463.7190463460881,117.44331328272239,975.4933441299335,0.40023710192709555,0.2372825234485547,0.015981988922536976,0.0197742355838034
21.029641222979034,25189.25530604604,1038.768134885374,144.92529877862384,38.08462324637896,0.2110006345035176,893.84283610675,0.000555970543434856,380,455.0508008511057,455.0508008511057,-16168.16751709138,-2076.937161306633,577.600359483011,145.26668671457276,1032.6511603341166,0.5257410305744767,0.32924796763278374,0.015851850984819334,0.02107104070478884
10.18306513660259,25721.659336801975,1032.5742416335752,148.2277050378218,29.900909702622872,0.13140818428764248,884.3465365957534,0.00015665343426042672,839,506.40269160544653,506.40269160544653,-32855.87202141644,-2875.579613342145,509.52537042874394,82.67789457641504,1015.9280620341905,0.5091532568301301,0.1690399935681833,0.0172070555728281,0.02011573613618633
14.56582478463365,23967.15702310448,1096.274168032009,67.71321734221361,25.85183943882253,0.2434241645121924,1028.5609506897954,0.0002956527833661698,823,489.97908121695923,489.97908121695923,-26127.50094707478,-2213.45105116776,599.2227696009179,108.19821914272177,1089.2018508178771,0.7282912392316829,0.22260004532642488,0.016420811187453803,0.020076084502077686
31.96821728059706,19456.576877864492,996.0668966242515,106.92665188341209,33.372344809879436,0.2180607906627157,889.1402447408394,0.0012251402460979899,178,455.10341367376884,455.10341367376884,-8284.346759057866,-1990.3102286161604,538.9863528922756,215.0931833565827,994.0897665660444,0.7992054320149263,0.386829875207342,0.015114660130645831,0.020961462222784947
30.827773445720794,17390.46265755705,1033.1779429386281,122.87770775042702,28.712500823103237,0.10818896130778624,910.3002351882011,0.0011907929337489143,91,578.4461272582357,578.4461272582357,-7829.5086127180675,-3062.4538787864244,453.51620830241995,221.5884577437365,1031.9623355606557,0.0,0.36600284657757914,0.012022304638694963,0.016560106115450057
28.622124774921645,25788.771591191427,980.8056642181177,119.08505004303052,36.950722991525254,0.2423062610599193,861.7206141750872,0.0009217755339814589,263,415.0101683596291,415.0101683596291,-11907.857091134083,-1842.6598914439564,562.7477913051475,181.31807856786588,977.7579596647766,0.7155531193730417,0.4459151578349938,0.015238416904166545,0.022033457983143406
20.81747637743396,11617.652719934178,1052.05157946236,111.31919678794803,52.7722269144931,0.2088324750887559,940.732382674412,0.0006602941835250428,316,616.6982826260491,616.6982826260491,-7480.080979674209,-1552.9810693883894,430.5954813485155,121.82633225063,1047.2937639745646,0.0,0.17048740163758233,0.013064472663201822,0.016625354551080843
17.73942760553527,25105.32250728148,1000.2407573181997,113.27121627644888,42.34756507638431,0.26870446571203555,886.9695410417509,0.00042115877958281284,638,437.4014468269472,437.4014468269472,-18904.34280929276,-1673.127142185349,554.3830920054447,113.07859549429804,991.784538832392,0.8869713802767635,0.2733397788708609,0.017428044113367888,0.022191821837467474
24.09190546028219,21508.60225411065,982.3065698293121,62.68909057532406,25.013028426576174,0.22216630350328886,919.6174792539881,0.0007434468778785163,299,471.5853611578273,471.5853611578273,-12792.846411810477,-2015.5242051120515,508.6395815177495,156.13215583294533,980.2249426755768,0.6022976365070553,0.326060985004651,0.015652574483250498,0.02075626833711782
22.868204663973145,8172.963945486761,1018.8445255566562,155.35697911589585,48.69977499375302,0.22561890444078483,863.4875464407603,0.0008399862389887496,269,639.8458943206026,639.8458943206026,-4116.177813140845,-989.7562219537425,373.10986705319624,96.57257660128789,1012.9557613737989,0.0,0.13451578133022615,0.012729970258662163,0.01665465854128668
17.45516612868997,23599.11178132614,1018.1496611106116,65.51739418643605,50.266419359557204,0.16906764234859975,952.6322669241756,0.0004148502602631942,408,506.87024597049344,506.87024597049344,-19446.00759745774,-2633.6104314663817,508.0800670841903,129.20778909712817,1014.9503130546838,0.4363791532172485,0.26598427804262315,0.015493053976662712,0.019613962753320734
16.458731358580163,23739.559057297713,1073.036663832214,73.95017605814685,38.47048398745584,0.17483460830510505,999.086487774067,0.0003691520024643524,474,512.1697618385242,512.1697618385242,-21970.18388931731,-2782.73033817949,556.5884495770495,129.83471418326644,1068.7582114155737,0.4114682839645046,0.25329344956842836,0.015331737361899396,0.01921516600617205
21.979923081472315,20963.403273134845,1097.203101579515,109.31919806812738,33.73290365307272,0.128034317021816,987.8839035113876,0.0006254964672925112,205,545.2377487094296,545.2377487094296,-14324.52589247938,-3452.0571234650024,549.3672771154937,205.64024616770325,1094.6050258249234,0.0,0.3063885169908529,0.01351516624614285,0.01765605798918339
16.277060841114203,11180.037698897997,998.6759094857472,131.43200967481147,33.143158936098516,0.16809380336265706,867.2438998109358,0.0004297540390866662,391,598.175025387887,598.175025387887,-8361.551995098427,-1601.278002003209,393.22420461272156,92.83393656976159,991.3992300006086,0.4069265210278556,0.12639579503356843,0.014721778225812046,0.016648638466246674
17.076755398633694,19888.97356969638,1093.1011967898967,142.10127181784637,40.70423506198572,0.18104295141827903,950.9999249720503,0.00040981155324559137,442,529.7035687739286,529.7035687739286,-16330.862298320222,-2325.8475008087908,555.4492346161031,123.8916102643509,1085.1528033900317,0.426918884965842,0.22320023847841458,0.015209970104493398,0.018604839059065882
16.741739879845188,25479.038646104025,1083.733208332788,155.96633682705186,41.399116560950006,0.20939446670145828,927.7668715057362,0.00037248818928602574,562,473.83373321504007,473.83373321504007,-21015.773210681422,-2168.418311543946,599.4371213011501,122.20270081693366,1073.2708545161902,0.4185434969961304,0.26875741002444237,0.016169519429915583,0.020515197593239592
11.3334001902851,15429.701226128633,1058.1449045571237,103.00679845452589,38.112401843921255,0.34060797640127294,955.1381061025978,0.00020573260525258116,1656,539.0349912449776,539.0349912449776,-18729.323468607876,-1221.3426091902645,488.6933954213375,58.360457179193645,1027.7283866663151,0.5666700095142548,0.11582145960302694,0.016966795646993413,0.018931914683614475
30.596233501245898,13553.090096036809,1032.1912257207798,108.7791095449139,32.90454675927885,0.15602935747696456,923.4121161758659,0.0012682016865476341,123,601.1964677253958,601.1964677253958,-6141.55767163063,-2065.6331292444706,429.4124306769405,187.29014318765917,1030.6088984023363,0.0,0.28850220374985874,0.01218600678599081,0.016581401461733206
15.252781675188007,17942.277656175087,1041.3366401977476,68.28343611808086,36.93793139691867,0.29028229485534635,973.0532040796667,0.0003470323106163722,836,522.8365091288019,522.8365091288019,-17266.370887819703,-1551.8345121579462,510.87427534434414,89.0072595151845,1033.710784473146,0.7626390837594003,0.17895945035822652,0.016395442440867963,0.019329561808465633
14.394300475983608,9683.770569041277,1097.6791882666876,141.07308510093094,34.91040127874293,0.21550673995442676,956.6061031657566,0.00033749265463669284,639,665.3324161500633,665.3324161500633,-8667.781869644126,-1350.6289987627592,419.0806647582889,80.75838509460584,1084.4130809083522,-8.673617379884035e-16,0.11358652868498936,0.012589546465379083,0.016666184185729942
27.620592503851913,9785.712280742398,1019.0013245627663,104.55423375383683,51.3092680778441,0.162957269179492,914.4470908089295,0.001148122193647325,142,668.8677814212133,668.8677814212133,-4631.050581315576,-1506.313322589391,348.1841173038548,133.08281318131094,1017.0518987250681,-1.734723475976807e-15,0.22542997096759873,0.011648881814040472,0.01661491954699775
28.304455039338258,9584.444619651393,972.8594573165656,114.31635097378091,50.06735389367179,0.23210193773825508,858.5431063427847,0.001220579097722589,190,595.5811985535352,595.5811985535352,-4128.311703937761,-1133.8962330080842,374.42386929022734,126.80790756206386,970.0050678437625,0.0,0.18816578695008748,0.01393287742875434,0.016616548628934087
12.181199824308996,25687.010825213965,1013.4910393121455,100.50670424627846,43.89484986579349,0.11873288371112298,912.9843350658671,0.00021687518044567647,547,520.9779778529162,520.9779778529162,-28732.132753022597,-3304.425236347467,485.4553040652286,100.461941060365,1006.4332819181448,0.30452999560772515,0.20416094135261564,0.016131289391055896,0.01942466861836533
26.160977557578153,23898.034086982447,1056.386220539397,101.41398536645715,29.13437150254857,0.23372876646559376,954.9722351729399,0.0008087711024481048,289,451.3678427324738,449.56630396218026,-13480.065488799884,-2154.596952233428,601.9471059546929,185.52821379551955,1053.3149486871666,0.6540244389394538,0.3876029502435046,0.015002826318673775,0.020879616095026875
22.02257465316419,15548.464868660303,1058.7348678872934,154.55030171239832,54.389648972923766,0.1827908035130068,904.184566174895,0.0006863409946554095,266,543.1444857205335,543.1444857205335,-9150.919611475538,-1977.5789966096484,510.4255074809829,151.9511971736748,1053.5699932015164,0.5505643663291059,0.22750227813495477,0.014846247330472571,0.01822380241991007
25.05554872150347,15457.501711007924,975.4995848230812,123.81465493816688,27.456861771812957,0.20499948622395336,851.6849298849144,0.0008791487253190438,233,514.7770200324694,514.7770200324694,-7910.501460224135,-1644.7236434551476,457.2323458234913,139.19068776220092,972.0093658559607,0.6263887180375862,0.25183558677329276,0.015667060742814518,0.019612584177994035
17.938033863620195,23675.314939804783,1076.6667264597472,142.92811216330892,30.11097094312367,0.3250661651224104,933.7386142964383,0.0004287767533223279,758,442.45320686942114,442.45320686942114,-18631.69119342132,-1511.587971743468,621.2560505758572,113.41741630633408,1063.7092574452784,0.8969016931810094,0.2616253500841823,0.017195416616322765,0.021694173508411574
31.697120553408105,22750.325286770967,1034.439379286743,107.75335609990816,45.115837082117054,0.15240489463522358,926.6860231868347,0.0011292040771607526,135,475.8104715674101,475.8104715674101,-10101.099078606485,-2957.6752054262847,557.2028315340579,261.309309546382,1033.013303101468,0.0,0.4551019373413288,0.013622171112609932,0.019821647576753795
17.321206356124655,20362.088461472325,972.7378576775383,128.4232050657934,26.91442209792016,0.3191039774951844,844.3146526117448,0.00043093555274575197,740,445.7759855355905,445.7759855355905,-14962.092947325003,-1249.7594196802702,515.1353318204041,93.86853240389974,960.9113173559946,1.2990904767093492,0.2178626074258014,0.01842322331348254,0.02243695478174566
17.88159628593313,25815.853838850846,1016.7702942016174,70.99845670302982,48.04058390125944,0.2404036318696243,945.7718374985876,0.00042146033594553134,570,457.91097981848105,457.91097981848105,-20707.92897654201,-2030.787166777803,554.1670301822162,124.01342006151066,1012.0780100006973,0.8940798142966568,0.2875037400643671,0.016531712956065408,0.02128464226060477
18.172610252856053,13801.395521401151,1040.6895902728152,158.90513132492822,48.170490230861695,0.11881273527787926,881.784458947887,0.0005018745453422194,237,606.5692469107044,606.5692469107044,-9402.252485956586,-2313.8165328114424,429.0700983367153,123.90939587368428,1035.6393452474197,0.0,0.17524120025947496,0.013450280714411672,0.016636624641749052
12.383159482259899,9714.398916219729,1020.0952202283933,148.13954275231583,43.46135313059324,0.2929768785242539,871.9556774760774,0.00026000749953142,1127,607.3739572516827,607.3739572516827,-8760.446727593755,-902.9216052022058,387.33861154762087,49.98680174105368,994.7125687993035,0.3095789870564978,0.08422813004866934,0.014970093194056474,0.016674920681163784
15.16067700559568,11032.43618957292,976.8863856424254,88.06609592427777,54.55076752331911,0.2865160266339003,888.8202897181476,0.0003795192993140139,755,588.2502011018776,588.2502011018776,-9075.330386466148,-1048.974527400914,379.08034837499224,63.75438198665472,967.3305494768698,0.37901692513989205,0.1152614019002612,0.015420095649874201,0.01719743749191482
19.796850823986595,17980.448026465147,981.3001966194396,136.7332110135229,49.13918221523873,0.19816082246092115,844.5669856059167,0.0005603987403366883,354,515.5812861209671,515.5812861209671,-11174.218336134469,-1658.3515758438862,459.71652509971807,110.14914690404328,975.2978112206852,0.4949212705996648,0.23149676664778593,0.015969071860697463,0.019665860362815066
21.24502002674,20717.65674820759,1071.492541307475,142.6089202240988,29.549048292609125,0.15743104676767425,928.8836210833762,0.0005960783700185477,264,498.90476780889907,498.90476780889907,-13690.418627592317,-2732.3718817446074,568.1583262229167,174.794034714862,1067.0630940318158,0.5311255006685001,0.28260394238840536,0.015280332081632481,0.01959861416890585
12.686743278235468,24418.757262929492,1089.8153549033857,69.28047447147834,42.75549902714411,0.1864192372716548,1020.5348804319074,0.00023091047887982175,807,519.3831114381483,519.3831114381483,-29711.738013735296,-2689.379505626435,563.1477622677032,100.23217851695404,1082.5308737058515,0.31716858195588676,0.20191182698122068,0.015889455958319566,0.019097725040601515
14.872045700802623,8235.688440156335,957.8267261432676,71.63784267725966,26.724635364920896,0.2770867606350297,886.188883466008,0.0003812995347167364,727,618.5566644457049,618.5566644457049,-6985.866720898296,-965.4676108061415,331.5047772469975,60.769221568214675,950.0614416927024,0.3718011425200658,0.08661754523212767,0.014693899291241099,0.016648158324362502
29.57985305449311,10639.502605943073,1025.0017288545173,129.40256019431098,39.443654501224074,0.1083761240834358,895.5991686602063,0.0012731114233183669,85,680.1741302181555,680.1741302181555,-4669.415016493264,-1990.723019639046,343.43995283978836,146.56934086305216,1023.6140830579438,0.0,0.2837702463890148,0.01131518769272055,0.016610390049323194
17.00771938899532,15783.913987606658,992.8445519925348,84.62113546808318,40.2974740151814,0.34558559682962875,908.2234165244516,0.00043912912185469947,787,513.4278439742222,513.4278439742222,-12518.07323861017,-1142.366087201339,470.5594214677716,83.58254449060576,983.9872654419938,0.8503859694497665,0.17436790378711187,0.017033389237964502,0.020003465613778325
17.505858976249232,24720.09136860019,1030.2909387057894,143.33030657601427,36.570214311265715,0.26448696644179714,886.9606321297751,0.00041078144905447013,644,442.45587995387007,442.45587995387007,-18807.076215469777,-1680.2724953822228,576.9128192872188,113.34073137713972,1019.3686992410888,0.8752929488124607,0.266567058912135,0.017297088997734928,0.021907923139602575
12.277957421743528,19722.390064803145,1093.347307466691,115.9077431933184,51.83019167499704,0.17680099134850008,977.4395642733726,0.0002270705349519833,779,559.672232013711,559.672232013711,-22709.193414013887,-2361.762573359606,521.3653107932548,86.65832393117387,1081.0375428069658,0.3069489355435884,0.16284851889349555,0.0151773343537398,0.017648940773997698
10.376721780060434,17762.99186614042,996.5603944407038,128.66943048733452,30.67903638060496,0.2614522570617143,867.8909639533692,0.0001744723953446329,1499,507.01026641888683,507.01026641888683,-21292.721141107017,-1379.8608635720427,459.13087313712884,57.139886744548505,966.1411395560157,0.778254133504532,0.11910966696237146,0.01843194306395688,0.020627365663774176
26.68287610447549,16916.119143310687,1026.6199424832384,122.76533976160658,49.34529640184553,0.18421264315763525,903.8546027216319,0.0009430053794924494,195,516.0815715124119,516.0815715124119,-8474.63259952037,-2108.7680839075124,507.7601855830733,186.7567210595223,1023.8417570954851,0.0,0.2937093591408254,0.014775801664753212,0.01911559290249982
21.132183067865178,10799.522552053724,1040.962656460908,65.00640839507649,40.34107791190891,0.11825019083629187,975.9562480658315,0.0006890527145842307,172,717.9776885947057,717.9776885947057,-7353.831546413633,-2176.7207559255794,321.46583337864956,123.79906941465174,1039.4435219733552,0.0,0.23733967847686746,0.012185824717406887,0.016615217605098646
17.961837295112883,17782.622517675743,1083.1969631481193,132.42169985197086,28.513325254771857,0.2842173476109121,950.7752632961484,0.00046092990520453227,617,518.7172670135068,518.7172670135068,-14046.901192963473,-1519.2246453615624,553.986793749341,105.5434980906731,1072.7040607628478,0.44904593237782114,0.2082253749727317,0.015846527727456306,0.019146176905521683
21.792768067848634,22594.489415394513,1017.56457089737,71.37814400389121,42.71085199349869,0.226012527575566,946.1864268934788,0.0006135235456315166,368,480.71030975236965,480.71030975236965,-14950.43062740241,-2061.6661937544122,533.8746659828462,145.61149026380963,1014.5849757352158,0.5448192016962154,0.3118744869990999,0.015507422605151389,0.020343792074811223
29.759497446450492,14182.880801273659,1017.2836068651698,67.03365042736361,38.19500687614196,0.30241483443038275,950.2499564378062,0.001197493737046247,253,512.3225268069979,512.3225268069979,-6853.804631622884,-1445.467649215705,502.95199908925747,178.91828555673112,1015.2745258962553,0.7439874361612614,0.27402088431851723,0.015207510583212234,0.01937468608150726
15.656067986612719,17869.305797162542,1014.2551938415731,82.27047588660739,46.16403437331546,0.2404635120464633,931.9847179549657,0.0003667971591590025,656,531.6615347890158,531.6615347890158,-15784.905525412862,-1663.7226859262753,475.48780599283896,91.23895129911568,1007.1493407818548,0.3914016996653174,0.18417571721297066,0.016124247037717896,0.019093941800408704
27.732196904101166,11260.42602534201,1010.0978147177755,80.06983510437533,48.37954300111876,0.28516592718505507,930.0279796134001,0.0011246208115911886,254,574.5187243091065,574.5187243091065,-5540.309937756871,-1244.5463599754755,432.97817604315924,145.4394662321722,1007.4969003522657,0.0,0.21285028108222306,0.014179087573892211,0.017197110349484623
18.58236934978256,19865.970792301203,1086.2008144548124,73.2704656695195,34.63029465087035,0.11244537137790575,1012.930348785293,0.0004758482163758764,236,589.3434572786965,589.3434572786965,-16504.558862882797,-3771.9164389090397,494.72524072531326,178.69287197207393,1084.0686980040098,0.0,0.2541248889548299,0.012829710504825313,0.01658392867683332
21.727361378313,23309.46313779819,1015.1651305614478,66.0075169346907,30.837820162732072,0.33787544812287296,949.1576136267571,0.0006047140491473234,559,435.52370067640317,435.52370067640317,-15760.852260338686,-1519.4689299994418,575.4863409983916,132.89606839469906,1011.0100416747948,1.08636806891565,0.310471183184349,0.016736942486592063,0.0219332808232927
24.56570483268999,12053.568918442465,952.1804716607821,61.799651983059086,42.04071169325645,0.3256158282077639,890.380819677723,0.0009069769717045929,359,544.8512172211957,544.8512172211957,-6507.961961070385,-1061.1934275053984,404.4625490984487,106.82647313651671,949.3137663196444,0.6141426208172498,0.19716575022904811,0.01570317387070367,0.01879930192789814
15.95949138982095,13542.216804804364,1075.2387067207526,106.41975144327895,50.95203338261822,0.13806145033301973,968.8189552774736,0.0003931183830175142,351,645.6140494689453,645.6140494689453,-11765.66420646416,-2342.3267321975395,424.46434224272866,114.85666304299332,1070.078391711674,0.0,0.15593735693039806,0.011975819745078936,0.01663159873938117
13.905164759590285,14176.67923777911,1090.9368909273626,134.95087100840425,36.361759822369635,0.17755137050113973,955.9860199189584,0.0003015910563193634,589,589.7218458575556,589.7218458575556,-13864.193194255837,-2061.8671872418263,490.0414234373667,101.11388573069917,1079.7632692949223,0.3476291189897576,0.135874176815729,0.014506130851414448,0.01664599529012159
21.0402731320359,11060.462941752477,1002.0044083292239,95.17450014453867,32.896408892974854,0.22827591936003006,906.8299081846852,0.0006887740550870358,331,585.1130599820765,585.1130599820765,-6981.237204849592,-1411.1365214740067,412.60891564873793,116.89476311496526,997.7219756308144,0.0,0.1599671297331027,0.014658005207448081,0.017002804228096424
19.96216956069588,21363.413052378066,1027.9757555278236,126.85903384036631,30.919162191046134,0.3110240148323741,901.1167216874572,0.0005365009214969433,580,455.29123197546824,455.29123197546824,-14607.232133621304,-1432.7368446819028,563.945830691334,117.49008330033075,1019.2370626668022,0.9981084780347951,0.26520214309416174,0.01696885799386983,0.02146903549970461
28.143938584809867,11382.402335767994,989.2099219937544,60.691344473700866,44.02078860699694,0.14136036273853347,928.5185775200536,0.001157597406299946,122,656.066964853566,656.066964853566,-5585.666166535551,-1929.1766962637728,332.2088690945583,152.8054139194552,988.2758339481243,0.0,0.24600525585340885,0.0112524083636845,0.016589104352342104
15.7091454616933,12788.862420887352,1012.8987862588933,123.53999750470932,51.01138235061627,0.1678304943635358,889.358788754184,0.00039259402076313336,427,589.7928996943682,589.7928996943682,-10137.004327064742,-1786.984574530121,415.7426039438898,96.24571634086965,1005.535503638258,0.3927286365423329,0.13853324680824708,0.014792328214189599,0.01684155746955452
22.762143575252935,24046.38033987669,1066.275969479394,71.31660072572504,49.386773009442436,0.27006396727663834,994.959368753669,0.0006397464024113791,422,467.45439506577236,467.45439506577236,-15948.90513129384,-1953.9176481159411,595.5044305471083,154.74435812312754,1062.9588256128807,0.5690535893813232,0.34329847095950466,0.015209330689774698,0.02043067065989182
10.983418624013977,20557.592962060702,1077.387535175014,151.6257901711628,50.66448773993321,0.24964527722941574,925.761745003851,0.000184903554330952,1350,513.2055027161997,513.2055027161997,-24449.333321850696,-1652.7384647371043,534.2211526645607,69.20381952232697,1047.4266553807604,0.5491709312006989,0.14653379663927885,0.017205989764917076,0.019727248770106946
18.547932244871962,8379.820335627903,1038.117287401428,107.95859893268906,28.087760174922494,0.1765994774738117,930.158688468739,0.0005629540699295961,314,696.0237313324628,696.0237313324628,-5899.537637605147,-1324.5356407612721,337.1896990596922,89.3178484607406,1033.213430392155,0.0,0.15841781953113962,0.012808332886485831,0.016649964960513526
24.88886596960372,17123.360335141835,1080.305660321668,125.91372307978538,38.875469604224406,0.26394593930575727,954.3919372418826,0.0008235330600334372,321,504.9554326874722,504.9554326874722,-9814.688722310842,-1700.130558567322,570.541345233295,160.44843161041518,1075.4967779207673,0.6222216492400932,0.27500577846788016,0.015188750863350487,0.019365745118480875
24.793659172835508,22326.963107459072,965.467061291777,119.47905602452192,41.75238751420771,0.25313248718350567,845.9880052672551,0.0007735896332631947,327,444.50387933245275,444.50387933245275,-11504.606392819926,-1587.120805195381,516.7242117201131,143.822670963485,961.2280910525658,0.6198414793208863,0.3415608288229634,0.016178743579495423,0.02170476864582208
11.945049130753477,18885.092693668696,1049.86139586199,126.63204712444141,35.987340769693674,0.14915414392551618,923.2293487375487,0.0002203568414103002,677,561.847999011423,561.847999011423,-21227.06118783268,-2422.4260512994197,476.2346614108736,82.52519839443562,1038.0826604222966,0.2986262282688367,0.1519804893834836,0.015475757450410549,0.017827770641304034
25.76230504527286,18892.494547771126,978.6696167521294,78.89864513134756,39.17674929340053,0.2239998119811478,899.7709716207819,0.0008683019728964031,258,489.16246031305667,489.06107759525145,-10039.659799449573,-1832.8944393309157,487.20293300705515,156.26650484029057,976.3653933201118,0.6440576261318217,0.3103262859515431,0.015441915406972415,0.020237732010304255
17.20383084331731,23414.38283166154,1067.50284902537,129.69694868854936,40.512919268363426,0.33605468362624413,937.8059003368207,0.00040096397675237717,838,447.348496166874,447.348496166874,-19098.39882621413,-1459.6607159036062,606.9511236456538,106.11288828838298,1054.2996198125277,0.8601915421658649,0.24902658110404854,0.017326763206213087,0.021641587809055757
19.63772783885537,16942.38002425179,1048.1646532331547,143.49164888505052,28.38287981615947,0.2659189762372933,904.6730043481042,0.0005509229900841995,483,517.5993934380392,517.5993934380392,-11605.82566051406,-1454.6400386066152,521.7772082841796,109.2042603728296,1039.3766017222188,0.49094319597138386,0.2167427636765196,0.015884461508883417,0.019327303595832106
10.8571673460171,9177.474842457654,1055.5515911540344,148.63134089815327,30.40381083419534,0.33148417099878313,906.9202502558812,0.00020107643571097924,1649,617.1361780719238,617.1361780719238,-9643.221334970529,-873.9622560554001,397.24453426426146,44.20796932802466,1014.3807123361853,0.27142918365042745,0.07034194017811775,0.014605907983758529,0.016682464441825993
11.809902832860313,10969.930736822398,1048.501657875397,88.45318393567264,52.94689684467299,0.2577257241493598,960.0484739397244,0.0002323105537375885,1109,616.0874509182315,616.0874509182315,-12338.549990221169,-1335.0844752226083,417.27915066582864,62.06457273995716,1033.3666015840602,0.2952475708215083,0.09130305947979662,0.014309872719939318,0.01665219319713099
28.548602231236657,9765.430198695272,986.8419292967425,67.26784543473829,54.30390737749225,0.25653368479391325,919.5740838620042,0.0012289274842906112,209,618.1152074147961,618.1152074147961,-4565.011103840752,-1173.6957526664276,366.8884579363113,133.6560951263607,985.0036653511074,0.0,0.1969071874745182,0.012870284737600511,0.01660122743359801
25.336706728625924,22446.167017095355,1069.5850121747176,78.40005077388066,37.526360801362046,0.31043747454390647,991.1849614008369,0.0007819467568703746,397,459.73539870183436,459.73539870183436,-13466.166016735891,-1711.962961838344,606.4636557185681,162.15996221586374,1066.1990544204025,0.6334176682156485,0.35476073326581525,0.015225236560217008,0.020626552646465093
24.507433833098986,23504.682934962522,1000.3304764847801,159.52566540644867,51.99798731300301,0.11939598637982388,840.8048110783315,0.0007401793797886053,161,472.9766064203908,472.9766064203908,-11928.032385185039,-3086.61291611872,524.6103399733415,195.06881000502074,997.5869463937323,0.6126858458274758,0.362765551102873,0.015019300465039692,0.020467785275419453
23.717275451378132,13617.511441432314,1081.2520480708756,99.57809769806713,54.41700021405994,0.16654063321619253,981.6739503728085,0.000801458281442107,208,633.3616493844905,633.3616493844905,-8221.67241322069,-2089.4142701014766,445.2570332688666,158.08776664414324,1078.6186826533572,0.0,0.23066416272535,0.011554994266625429,0.016601473396166574
22.688590361345582,13299.009935343303,993.5653723218284,69.93280996598016,32.62190905349685,0.156783423943741,923.6325623558482,0.0007619377246922045,206,595.953276020122,595.953276020122,-8158.960972270214,-2087.6721229459836,395.7595876384444,146.58247519754298,991.7128636585663,0.0,0.2090602586818139,0.01352131680831646,0.01659641481323954
20.98133908110245,12232.787410192715,958.6451747530181,115.72548803364278,34.98288187833499,0.3085799347215704,842.9196867193752,0.0006811215958445093,453,543.8220498284343,543.8220498284343,-7152.431697727816,-969.3712372565716,407.83529536927006,86.39121151879078,951.6573451977043,0.5245334770275605,0.17075613009783466,0.01620587127438226,0.018973123138059437
15.593864829364769,24916.225789450633,977.2270690802352,150.2220850128089,28.817224113082847,0.26930712095241244,827.0049840674263,0.00034034204092555905,791,418.6534123917617,418.6534123917617,-19876.488448080876,-1516.8482997558085,544.14741331962,95.10374697640083,962.8008257113817,1.1695398622023572,0.23533801003038193,0.01883670078468433,0.023269692462889673
26.5359418970041,24940.203594719846,954.2005475381852,113.703641429576,26.556968479930195,0.17448054984282244,840.4969061086092,0.000831944803850258,210,437.26629659599416,437.26629659599416,-12251.790894695483,-2308.0206171099408,514.517597167419,179.2235464002747,951.7838937634132,0.6633985474251026,0.4061586455568749,0.015389078867651177,0.021639486296904306
29.518845530842242,19216.119115896254,1062.6812118685996,156.47689091729444,43.18582396167004,0.13555219310527114,906.2043209513051,0.0010649096625363922,127,527.6603755623258,527.6603755623258,-8808.846598593385,-2798.98013153105,532.885353934974,226.17978296216484,1060.5457294972998,0.0,0.37222387034220417,0.013288513324894972,0.01823481518578133
25.403288013293206,11443.924327762274,1098.1144802412623,90.71643481645943,41.60235387657572,0.12516247479879702,1007.3980454248028,0.0009362887565956279,134,727.8015031850501,727.8015031850501,-6675.809490099143,-2228.523353826097,368.7404476136113,152.71589334337796,1096.5419507986614,0.0,0.30085074135106143,0.011503935402311873,0.016607358873005514
16.95731274586233,10711.235655292581,994.9198772095805,109.67064526821805,43.230016193241816,0.2942977384496829,885.2492319413624,0.00046688105768239916,630,584.7072772012314,584.7072772012314,-7867.159737361666,-1021.7821305019631,400.41756377079105,72.422970148932,985.1248409720224,0.42393281864655863,0.12483139927862873,0.015313774782773319,0.017225414717144692
15.792481655313953,13147.998156615959,1054.5312230966695,157.06496209259447,28.2778028556802,0.11419335937523512,897.466261004075,0.00039013182193487975,293,625.5423005555073,625.5423005555073,-10581.605091274576,-2378.8577916947106,422.5982931574175,110.95771305683093,1048.1405937129248,0.0,0.14736265252177277,0.013029800112205942,0.016649117740349623
28.99868723954127,15610.333529785312,1022.8638628994896,130.08502929065128,45.668389874994254,0.3073607869721005,892.7788336088383,0.0011138786327911023,276,500.0453620838009,499.95505106491595,-7109.0672954934835,-1277.4707393680856,518.644393927691,148.976514149389,1018.6897560114919,0.7249671809885332,0.29111651199500804,0.015289615192200994,0.019744082440168877
24.181045816638584,23272.619844942332,960.5190313751253,116.19277951903968,42.651089778461774,0.1005229201975918,844.3262518560857,0.0007324210302765713,137,478.98712459550285,478.98712459550285,-12280.877088055591,-3640.950830015711,479.8259449024278,207.01779171552158,958.8130694979307,0.604526145415965,0.3559673532338486,0.015087586254039534,0.020458274399577384
14.995295534952728,22497.12229724112,971.6298480922644,116.42392463424763,32.68798868619255,0.18348132533568362,855.2059234580167,0.0003265924736543193,562,483.2136462431527,483.2136462431527,-19287.61232467559,-2026.7091864311774,480.1905641146786,98.97260338815175,963.4042103578313,0.7497647767476359,0.21406650388362503,0.017348972226955403,0.021062806057553854
25.866058261676248,25572.26574770893,954.603509656476,111.59833626862917,51.58905716956026,0.23007664332635297,843.0051733878469,0.0007905654321051342,291,426.7587834244072,426.7587834244072,-12531.145218264382,-1809.3378579698365,524.5506150960348,159.84590513917652,951.309398520442,0.6466514565419066,0.4029115347908409,0.015680156923400523,0.021997873015169058
25.918445769625873,14234.969014409668,981.2481232418,118.11064500524512,54.760124458215955,0.19256701088906902,863.1374782365549,0.0009513404641062986,202,534.1435975914061,534.1435975914061,-6879.253300871256,-1711.9870739244095,444.18269787004635,153.46044459431198,978.3262954614524,0.6479611442406462,0.24351491031332972,0.015172780603159968,0.0188675789109423
18.42826126742908,11636.769922964508,1060.2210739581726,154.43498956830723,39.7000695242494,0.17741975382365377,905.7860843898654,0.0005275075489459304,336,613.2569832546768,613.2569832546768,-7991.680281650392,-1650.4452430051347,439.7903112468715,111.31257225414709,1053.0472945015483,0.0,0.15074548370534163,0.01346543533276993,0.016646272469342617
15.347688001972154,22717.3159900236,973.8450828685076,142.1778498695978,42.90095894272335,0.26330431640142027,831.6672329989098,0.00033930602175528615,776,447.4191438675625,447.4191438675625,-18099.099052522273,-1459.3465236839036,512.6527994011523,89.7408972374011,960.0719432687148,1.1510766001479114,0.21556933016209742,0.01842094581426496,0.022391936764398348
20.371606757697243,12026.27786078312,959.4323419619323,154.6858584900823,54.96682733713855,0.16703673133234137,804.74648347185,0.0006482250926402206,258,568.9261455480056,568.9261455480056,-6536.325674627812,-1410.0538962653038,385.1444763022607,97.23170220951351,954.0706218502663,0.5092901689424321,0.16621355057169118,0.015370194903724823,0.01792492957165184
20.382807259552784,14324.709308599759,962.89412615133,138.5746358452401,44.87496169254599,0.2917974321184936,824.31949030609,0.0006253989101556711,467,519.7741791772519,519.7741791772519,-8326.43015672277,-1042.7445213351282,434.7184461468171,90.5942082632406,954.492625324069,1.0191403629776392,0.1906183733310446,0.016657937726865468,0.0198332467194104
12.76273481972146,20630.23873983416,986.000144522694,94.7472567662274,31.245240045651958,0.26553006529209633,891.2528877564666,0.0002488000079291849,1067,477.849280594387,477.849280594387,-21635.606844149574,-1557.2539906152165,494.3184874127894,75.89204388246219,972.1677680071764,0.9572051114791089,0.16645251410320072,0.01843924530644829,0.02150850404587225
26.464188983798728,23920.45020837113,1083.3846977785406,145.2625371791974,54.29742904227216,0.23930322315365687,938.1221605993433,0.0008197607144595881,292,458.1687386719553,456.42881909131876,-12629.905259362742,-2005.0681540339701,620.7774486411868,180.62085919089344,1078.946187313142,0.6616047245949688,0.394387477750052,0.014673509344511055,0.020519949802786982
20.657044284514157,22616.376083761053,994.5419699811795,140.69646153556704,33.229166700098006,0.1552826892990663,853.8455084456125,0.0005638937303006249,275,485.18331126598,485.18331126598,-14120.23607814384,-2377.3802329939667,504.91204090824294,140.9664205087562,990.095352174223,0.5164261071128554,0.2968806009047118,0.015722908947390212,0.02039073560366149
12.795876571412208,13735.958316984717,968.8771856384021,81.35116149674396,54.54280456519607,0.33213372134180874,887.5260241416581,0.0002691419235598143,1234,543.8108867714672,543.8108867714672,-13581.738974017204,-1034.9089609841026,409.64787060120125,56.88932418856143,953.4587573726684,0.6397938285706111,0.11688466592140934,0.017217374772454927,0.01922982187077702
23.526476508124365,19665.39423433836,994.3665399966815,147.3220802533021,47.54735964493,0.14708311718993095,847.0444597433793,0.0007336409203737581,200,498.9180149036028,498.9180149036028,-10445.817824981119,-2372.5942431238786,492.05994852583007,160.84927931411045,990.9779634294329,0.5881619127031095,0.29709672188780006,0.015335627932905032,0.019891792719862095
28.86733505581121,14486.761283561234,975.99129041243,92.05795706558902,31.55884363412919,0.20826333297975919,883.933333346841,0.0011416863189978074,182,518.2193543486244,518.2193543486244,-6718.659843244173,-1760.0433968474551,455.7920101920598,177.99298516180716,974.0113645406842,0.7216833763952802,0.27268884877554234,0.01521276702316914,0.019361118949407667
22.204614996389882,22464.17597079138,1059.0442188475124,102.9101763722893,45.1590400060353,0.27496135163440644,956.1340424752232,0.0006286269095452852,437,472.12813957187063,472.12813957187063,-14592.466475051817,-1761.8797070003454,581.8098448504306,142.27884897663478,1053.9379844223013,0.5551153749097475,0.3139640313965629,0.015564268603281226,0.020450889119706352
11.452202344342245,24657.86607331681,950.935637010169,146.20794518092777,37.97479106978046,0.26343738917168824,804.7276918292412,0.00019960496626252814,1320,420.5476230406255,420.5476230406255,-25270.62090686775,-1458.1075416492788,504.0242105520677,67.07110732861992,924.5718335926932,1.1452202344342244,0.17127207520497614,0.020415854819008337,0.02391252064094341
11.192961746611898,10388.962869793346,1091.9452026958804,145.9652701097608,41.11242545947143,0.30328378735498585,945.9799325861196,0.00020833516184483867,1456,615.7510721176185,615.7510721176185,-11380.373133381154,-1088.6570179880434,441.87782277355416,53.55953763674188,1057.6288948911726,0.2798240436652976,0.08194812369542738,0.014302054238464985,0.016675633354734903
17.40351398049593,8714.711259049336,1055.4561633721364,95.52948206286551,54.68007466882629,0.10458733814276647,959.9266813092709,0.0004943967596465276,212,767.2586756622211,767.2586756622211,-6613.852672735541,-1838.2227020288428,285.2664503209853,87.43469187267021,1052.5251259832064,0.0,0.15427454046097056,0.0131486010198461,0.0166473596727413
31.848302253881013,12750.39380522919,1023.6378176231997,130.26784697055047,37.406245790047294,0.32376016848090483,893.3699706526493,0.0013853824300990873,234,514.5118513497349,514.5118513497349,-5290.711915610588,-1168.6677676264426,505.4745102633227,163.68156720895672,1019.9863616130576,0.7962075563470259,0.2641690502302585,0.01528902266236682,0.01932790925803316
11.54466183817828,10664.230979628946,983.4448005196978,92.55732102015082,48.935545820918094,0.26969386452884136,890.887479499547,0.00022787469701979448,1184,602.2528816132035,602.2528816132035,-11271.45745474556,-1069.7950425211714,364.08068595107284,48.27769982845689,966.3335675642763,0.5772330919089136,0.08580979368440358,0.015331068796065462,0.016655241442245113
13.022564576136979,22053.47273694529,1045.7928632687904,127.71491120470955,51.39867111175013,0.24122939202618915,918.0779520640808,0.00025044565491674504,963,495.1483661156626,495.1483661156626,-22584.591792233397,-1753.5908823115567,534.3535027289811,83.92116757369627,1029.5018688446437,0.6511282288068484,0.18385807136259943,0.017219815455098948,0.020385817513893324
11.151276190076613,21455.414237731333,995.4349538361643,127.43022398544754,38.61210448406336,0.3009055785480592,868.0047298507167,0.00019305175394024226,1559,455.71689688259676,455.71689688259676,-24308.992634948198,-1369.8740906348662,509.10277607010426,63.28943873743401,964.819672952701,1.1151276190076616,0.1488295054223205,0.019551405255462645,0.02246123122994451
31.246088487510697,8288.438915574287,963.9323258096263,127.57968025487179,40.98426251907178,0.15268162702623034,836.3526455547544,0.0015054014508019543,101,648.3929496563985,648.3929496563985,-3131.9526761708157,-1236.206519603892,313.83960050448195,120.63717952860964,962.2325501608805,0.0,0.18770966886132032,0.01183970943369829,0.016623657308041637
18.188522745974645,12888.017623672418,1049.7497331337443,120.13128714352654,45.555274425114064,0.1972307121819881,929.6184459902178,0.0005073429234148548,389,586.5883310896619,586.5883310896619,-9432.901522725357,-1738.125136822233,456.79813804034427,117.26821434090209,1043.3864691300062,0.0,0.1612252146197433,0.01438871306798626,0.01670853642047425
14.613694787095643,19313.292081145293,1057.3825110149282,143.92065137388687,35.353222902807865,0.16164188054492362,913.4618596410414,0.00031559628793076627,512,543.652058212624,543.652058212624,-17683.621416952225,-2288.6351837361553,504.033057826692,99.64279197879023,1047.685116039316,0.36534236967739053,0.18748036955680686,0.015484651288500241,0.01838771943452655
18.058776796596945,12452.42686024536,977.4511283726044,113.88674549846517,44.63929538553316,0.31995868459558374,863.5643828741393,0.0005143783641637771,622,552.4146389880269,552.4146389880269,-8507.879611186243,-972.5151379779508,415.34220310142507,76.0492101706526,967.756842089452,0.902938839829847,0.15059423643807435,0.016181370380281807,0.018618191497222016
14.539077210813169,20677.317978971838,1007.9559654252067,64.97755132917945,50.20698590568905,0.15486650116516779,942.9784140960273,0.00031197560495753045,496,541.2251200670502,541.2251200670502,-20062.480194466392,-2596.313516268029,462.5592515018243,103.03969747297936,1003.7843715688745,0.36347693027032923,0.19929216752625212,0.015553592307565018,0.018653301431359293
22.52677218149433,20838.34188771496,970.9106575941245,102.78919880377974,39.11947574663291,0.2590810873759698,868.1214587903447,0.0006729495103234323,385,464.07970725114416,464.07970725114416,-12153.094937984693,-1559.491579691654,502.2935562721951,129.60569787071296,966.3732635233392,0.5631693045373577,0.2937927876159039,0.016440197734294972,0.02127020925561016
19.280759933387696,22522.110001372414,988.7250422357058,127.1487661739519,40.094233678094454,0.31265851280987067,861.5762760617539,0.0005026922226804967,622,436.6716702442827,436.6716702442827,-15088.775797146549,-1358.935637137393,542.7433823393104,110.0683116960513,979.4150525835931,0.9640379966693851,0.2664405634872607,0.017632065774710378,0.022329963315168653
18.135527804645648,23844.428530462093,964.8114321212655,108.19669852362699,33.8236969736557,0.15750138449520035,856.6147335976385,0.000447779720855624,352,479.1137726844803,479.1137726844803,-17129.027477278,-2395.030104614527,481.2250022364568,125.97916426355516,960.3387749209371,0.45338819511614104,0.2735431330145556,0.016394753123982014,0.020879425258516226
18.725046912892047,14047.962051074417,1047.4190158327656,95.67522575021457,38.37115695207512,0.15299742043106468,951.743790082551,0.0005264317850148841,291,606.2725786670104,606.2725786670104,-10538.897812921097,-2255.156940211405,437.4429657527518,133.23847554720987,1043.7155444197622,0.0,0.18373916017053898,0.01330026402255388,0.016614967867696638
21.54375415623252,10340.640975682987,1003.3753401132809,132.7510546539549,42.101455763572716,0.21984136151615952,870.6242854593261,0.0007278860606317919,302,590.5013980496094,590.5013980496094,-5879.454366659809,-1274.319265062439,407.3824390335684,110.47886029555252,997.8838370831778,1.734723475976807e-15,0.15383925317836936,0.014552758342895787,0.01679154381805216
16.805424082432985,16772.457418915852,957.217986847363,85.77981906226469,47.99033958387774,0.18245696521703872,871.4381677850984,0.0004287041861229603,426,542.7343192371167,542.7343192371167,-12819.727280840978,-1799.8547792587601,409.70572605895984,94.08420236140478,952.4400452960765,0.4201356020608251,0.18717253562982994,0.015940206495706617,0.01892377536397111
12.901574697767863,22682.320065016174,1080.910331802118,116.09855510377221,41.17842404981563,0.30806952117410635,964.8117766983457,0.0002424888104100319,1270,472.8169876953055,472.8169876953055,-25137.1216157563,-1597.5890640103135,587.493983717181,82.19122065556161,1060.3109714124864,0.6450787348883926,0.18428308978634778,0.017760249620134713,0.02103316329550995
23.166018455645403,9292.01661141029,964.4021270051173,106.7784562567337,52.42744767499074,0.1018466940706548,857.6236707483836,0.0008558867268819569,119,678.3871945534189,678.3871945534189,-4814.2108277733005,-1759.7993148872265,284.27739723661443,105.83215110489994,962.6645917900333,0.0,0.19174922089684437,0.012393141484227958,0.016630188591508083
11.48640000991351,9540.2373977055,1001.3614002441551,105.11321407555099,41.08271345971187,0.32150891967185014,896.2481861686041,0.00022692224188029274,1417,608.2116893168491,608.2116893168491,-9967.492191069041,-895.77843814844,368.59412433887394,44.50341137389307,976.805813655723,0.5743200004956761,0.07678668628433567,0.015145839966401928,0.01666421210654642
14.689863208497522,14295.01812102758,1015.3192215494637,90.60181721474632,25.739273051371992,0.31018221982892713,924.7174043347173,0.00034043045379255813,911,545.7396714430804,545.7396714430804,-13370.415792800039,-1221.98792015153,457.9858518827273,73.05290179700398,1003.7255233258077,0.7344931604248767,0.13983515946845615,0.016448282755354746,0.018748330997432033
27.535630216775978,10902.27732912964,953.5433025295191,112.84541585672916,32.77013027354631,0.2743046051420868,840.69788667279,0.0011365200608818992,241,546.7394903642789,546.7394903642789,-4886.129491232076,-1073.227323481109,403.30476951638605,120.2190020526449,950.044259880665,0.6883907554193994,0.2002680660743167,0.015590994390288798,0.018713372685007456
20.70473888035482,25911.63440326934,1042.9018788164337,149.1793499332424,48.42105112376249,0.16083140883381528,893.7225288831913,0.0005362149574038282,300,473.70782969375745,473.70782969375745,-16677.226899108893,-2610.984602288376,564.24909296697,154.7941990365128,1037.9569226607275,0.5176184720088705,0.33797758103335257,0.015222691051090715,0.02036761934935642
11.941920126691475,23699.587435829904,980.609332996542,157.66224459379896,44.81282700193888,0.3158949394428878,822.947088402743,0.00021519122872739604,1468,421.7127749694603,421.7127749694603,-23476.559037837265,-1270.1278700554792,526.4311875564122,66.33532334278908,948.1439625258726,1.1941920126691472,0.1718092412120412,0.020201002016821786,0.02367172084505485
27.361798025643893,20406.027276789282,1021.2486317227913,145.03555838125106,39.333464196662696,0.21255051515842394,876.2130733415402,0.0009281572527622123,229,471.5838215814668,471.32578104555995,-9830.592135178653,-1903.707543909551,546.0601524809288,172.34834076509702,1017.6439740623955,0.6840449506410988,0.35137450384087215,0.0151499684022494,0.020482490210957185
29.419654445122873,19383.047662681078,1057.9324145529501,74.13990194790252,26.761254604830935,0.12187642063381406,983.7925126050476,0.0010557676062299725,115,574.4690645202885,574.4690645202885,-10036.431134818398,-3371.32367972702,482.5515326450003,243.9032430448018,1057.0205971652888,0.0,0.3879771974337309,0.011829361586728263,0.016543743941679036
31.760328776129086,22341.03752139555,1050.7591050219444,74.85739297971627,29.190619535361748,0.21350238637737434,975.9017120422282,0.0011369382721125006,188,443.700871893049,443.700871893049,-10661.60244051539,-2489.8937806434274,605.6612684026595,261.9902900822626,1049.3621402957085,0.0,0.43755889403844117,0.014511618204870692,0.02086130581730202
28.447801261095965,21698.76608190653,1034.224723458516,146.53150618296002,50.425911822431885,0.13476483638318368,887.6932172755561,0.0009657326223839897,140,487.3894590506961,487.3894590506961,-10090.36271056065,-2960.770395941015,544.6971359942927,230.21376635520647,1032.0865950449888,0.0,0.39293301783045237,0.01413548863522701,0.01968978884317482
23.090654709135013,12151.783657085178,1070.1437551535835,157.27166927202546,32.4791190353673,0.28828400038200885,912.872085881558,0.0007860770963059416,367,553.5127118481333,553.5127118481333,-6926.851081523556,-1245.6549876321658,509.0316843652714,124.78203006455158,1062.5443962134048,0.5772663677283754,0.18808435130936949,0.015084519465063282,0.017921681523463268
25.627525812858025,20934.868494254388,1035.1789007163566,137.78270056359833,50.15628328718326,0.18165667901853,897.3962001527582,0.0008226624550088262,221,479.37691429032276,479.37691429032276,-10898.17613796788,-2299.2297384687317,552.4492577313881,185.35810312615519,1031.8261720217108,0.6406881453214497,0.3395395003458663,0.01507593063492657,0.020194804589958475
26.334249893728536,12486.089728559557,1027.3274683076054,96.47276804997509,28.01658346296024,0.3331763608300521,930.8547002576303,0.0009979033348362354,334,534.5456780383724,534.5456780383724,-6622.849270524934,-1189.0469921468064,488.6982727202808,136.0534052863394,1023.2439507586532,0.6583562473432124,0.2171924396622156,0.015402506708390114,0.018747814717299003
19.400647124800447,10428.797149703816,1001.1345682007038,125.57962485100293,50.33928367985725,0.2307751568107587,875.5549433497009,0.0006001463941006579,385,591.0975122100562,591.0975122100562,-6533.883471373799,-1231.1170703604396,403.30184671631423,97.42993977350295,994.3993589263704,0.48501617812001135,0.13977783260496235,0.014771092851223626,0.016835764195174317
12.669755942222881,23229.6757676581,1004.7257974626738,65.67544670071173,47.479750296925204,0.2571629293322888,939.050350761962,0.00023823374048401871,1079,475.41378460955326,475.41378460955326,-25868.93099976704,-1803.6529080734529,519.6572091898211,81.77747112970798,995.0709937993743,0.6334877971111439,0.18568122423272873,0.018001824422161507,0.021344425219291092
16.307604705486007,12287.577941599919,955.8370826330163,115.18809848554314,44.51828827830166,0.2169045724494344,840.6489841474731,0.00043045637623498106,504,573.2889691539012,573.2889691539012,-8952.048188434945,-1232.3576778329805,374.4590431026727,72.45000660861024,947.7480122565739,0.40769011763714963,0.13640098453704208,0.01574625898601515,0.017894064214482863
13.394193866886608,13728.92303341978,952.3663498121776,153.83440950053551,52.7020646237014,0.14831650032131577,798.5319403116421,0.000294847345913084,503,576.2037210697256,576.2037210697256,-11004.911787599423,-1499.0957800313993,365.237401818055,64.96171678441328,941.4411228877806,0.66970969334433,0.12541047751971277,0.015864294637143277,0.01785384340310083
12.02745410986692,9490.947053999093,953.7742527116485,83.15914754238179,47.25320629489944,0.19340105177342176,870.6151051692667,0.0002515954678608921,769,623.786553596381,623.786553596381,-9398.173239638709,-1275.7519513226637,320.37977764550214,55.49168249916022,944.1663312418832,0.30068635274667266,0.08101075391697705,0.014572206058742885,0.016654917103502455
27.779024839317405,14958.20526988048,984.2913230839183,105.80737372150423,29.823255092351207,0.23628510630921717,878.483949362414,0.0010572342025932445,223,508.2176990265067,508.2176990265067,-7154.705727405905,-1570.5004328596897,473.2739618415368,158.26744401252438,981.4916608680435,0.6944756209829351,0.2688922907397128,0.015544913069925956,0.019724820354648048
31.465860235836526,24308.083000955812,1047.8887459862865,128.656147138216,25.30156238393192,0.10445389408954955,919.2325988480704,0.0010839672219196568,96,501.1448754376729,501.1448754376729,-11019.23439425836,-4017.7233814127617,545.5682518898143,280.8427138323849,1046.7131273274872,0.0,0.49175216770690666,0.01260834003510315,0.018808518578550898
11.643056671971994,16511.418580944788,1002.7589067012772,114.984285657752,53.606634847974945,0.15637173171066607,887.7746210435251,0.00021779761339988589,718,575.211545010136,575.211545010136,-17738.698299588188,-1998.757523718266,415.9250982888593,69.303912289006,991.1366432989953,0.2910764167992994,0.13092966716987411,0.015549913034903499,0.0175858579730839
14.00289929676417,18530.723073788962,1059.789461336121,152.00943627478702,25.293653237160456,0.2971684214311804,907.7800250613338,0.00029449831558087846,1009,499.27808723164304,499.27808723164304,-17625.025554848544,-1374.7386402057812,539.729873260236,80.81786187920744,1039.007960491879,0.7001449648382091,0.16669764856270108,0.017364183700314003,0.02025875229236713
29.266658557883694,11313.695132147604,1058.27526960592,82.50469936355888,48.76475808384784,0.3389654423377201,975.770570242361,0.001220173999453189,278,579.1174546021039,579.1174546021039,-5542.2100908538305,-1169.3494281385663,476.25468327680414,155.5581653568289,1055.372137878908,0.0,0.22650582104180447,0.013643381543914715,0.01673368688230572
10.349931858543599,14018.409756283305,1089.6596002426068,131.26808219305258,34.34551233823744,0.30538440163114144,958.3915180495542,0.00017411293070045822,1754,572.7698391394173,572.7698391394173,-17998.591799448244,-1262.701877992148,475.94603692296494,53.12279005214805,1048.7158760623822,0.5174965929271805,0.09867604147327332,0.015833653098561527,0.017396055308388607
19.358071439058016,23046.617813212393,983.5173288778639,148.89796316523433,29.498241200890778,0.3203510319411177,834.6193657126296,0.0005035271363352531,636,418.0006318659573,418.0006318659573,-15017.792665831306,-1300.9445867054446,554.4641760410126,109.30928539571084,972.4648079069699,0.9679035719529008,0.27014328407669463,0.01810441562104861,0.022995201913208092
10.615786607589524,9650.72791926831,956.1953239434621,100.41404072061866,30.70319115341799,0.331676169695869,855.7812832228434,0.0001979215917235297,1676,589.7369711212156,589.7369711212156,-10502.198485893046,-802.0229374820055,336.38016881250826,38.330302846452014,926.1171399337238,0.7961839955692145,0.07072762431249476,0.016332610885754623,0.01748777765252444
23.44800011736927,15318.526470687499,1090.4615995418656,87.98944525354958,31.640243787945384,0.24517976261887342,1002.472154288316,0.0007620530819033787,322,543.347104224271,543.347104224271,-9900.873061671258,-1871.0693869042925,543.5862069309215,168.2097109887426,1086.9333111551925,0.0,0.23869349200666873,0.014533751938215144,0.018002863940306407
25.43987687746916,18003.883433489173,1091.5935026108252,123.96635545806507,27.159970818966308,0.216409254621456,967.6271471527601,0.0008405856057130735,257,499.49600211719894,499.49600211719894,-10412.802213442113,-2166.9678290216593,588.3891035674665,197.10871866134528,1087.8851056846654,0.6359969219367281,0.2943089395506421,0.015009388588061376,0.01942678582671723
24.744981649596266,18501.534706789826,962.4130248060609,103.81823682357744,32.28870355210416,0.18606756601430174,858.5947879824835,0.0008198556146999818,227,495.28761174138475,495.28761174138475,-9763.732137665096,-1952.1390270858233,464.41157386409253,149.5827884998301,959.6991856054773,0.618624541239907,0.29324428743618086,0.015607991880268814,0.02018494633750794
16.675324566099768,8738.650705328797,1071.8073066965837,149.90992055130488,32.34085956147845,0.16569969411710272,921.8973861452789,0.00045426808797439434,365,695.4121042254405,695.4121042254405,-6463.265918805689,-1365.9502794155405,368.40379206074226,84.6256386944782,1063.8158962861828,0.0,0.1477523198214861,0.01278396795705507,0.01666678684760212
12.432716297549163,12299.814398159453,1088.1413100632976,133.79522573288966,31.313904661024367,0.332846302899328,954.346084330408,0.00024978410255889017,1333,585.4959744214094,585.4959744214094,-13128.275469237973,-1107.7837071568306,474.8920372805063,58.48882089208553,1060.3880117019157,0.3108179074387289,0.10510272298087431,0.015207967403552531,0.01680636618867028
15.392322111298279,16304.362892628906,1059.473171909292,120.5837253829391,49.574022520094516,0.286871586285509,938.8894465263529,0.0003579152905059883,802,542.3628993635357,542.3628993635357,-14332.84830969324,-1381.3942621254666,504.03566845651244,83.5668337625126,1046.3985678200481,0.3848080527824567,0.16661555756183374,0.0158777508668317,0.018523231180336754
11.67065552539091,22160.15555321511,958.1284298468323,69.58700890321003,39.87891169686427,0.32872215593554105,888.5414209436223,0.00021035409444719564,1563,438.0895511560377,438.0895511560377,-25393.758508121817,-1370.0564012783534,501.49335431112604,64.58156419513148,939.5829054671638,1.167065552539091,0.15885021174321112,0.020086614825174393,0.02327737784335767
20.464924923524514,22093.160966833304,1039.3405977549428,61.991527756341924,44.55093064493735,0.1756379145504114,977.3490699986008,0.0005523740363318148,318,498.46177161657505,498.46177161657505,-16057.674528007745,-2726.2955923362456,538.5812200593241,165.64255001921146,1037.0429916758992,0.5116231230881119,0.29016373780005517,0.015274085136188437,0.01970607077078114
23.24045230304167,8345.733164803012,1029.7349172953564,152.36296440898434,35.16759081351665,0.3496742678968442,877.371952886372,0.0008598746963010156,407,594.5715929005354,594.5715929005354,-4316.874987622311,-808.0725974556849,426.45727039677615,97.6334576199846,1021.0288632973115,0.5810113075760421,0.13452330267650212,0.014601645341682077,0.016651578262329277
31.104300438338008,11130.861897672601,1008.2859427490508,78.56148909285469,25.132616318258204,0.11389061266901408,929.7244536561961,0.0013813588101348763,82,685.4145520718539,685.4145520718539,-5029.6516666044545,-2156.8538325104555,322.07802874808726,162.30776813722525,1007.4925808199412,-1.734723475976807e-15,0.32436910818818715,0.011127266782945606,0.016588330303429648
14.41203201308415,24171.1823911248,988.4072719196146,143.59581970541433,50.459393851940646,0.21187259903552386,844.8114522142002,0.0002981382902327475,711,463.9816577481744,463.9816577481744,-20647.05436407564,-1796.5675913286227,511.668492219719,92.94509330971783,975.6501499678934,0.7206016006542073,0.21793848102394645,0.01779797766106935,0.021676841877820936
17.67299231991909,15276.20871606639,968.4461262145468,101.04246602620316,32.193442241540765,0.22491725680686198,867.4036601883436,0.00047698988081707703,472,538.3575894920642,538.3575894920642,-11144.086590408968,-1461.5226312941475,423.79079435828965,91.13013602464707,962.1483838503539,0.44182480799797796,0.17872495674780933,0.01620293276606157,0.01909880122386359
26.293683083964577,12807.581905994237,1008.526328028283,105.45456891709736,27.294463787069972,0.11626831389186557,903.0717591111857,0.0009942840326695754,117,631.531256190301,631.531256190301,-6595.544622584025,-2334.201217224091,375.4561753613385,159.9644517549733,1006.9874315516395,0.0,0.24020200686115747,0.011737786497146206,0.01659794946103
29.72100448677252,14804.06999053236,1053.1771676366104,89.41176810766228,34.2058587216983,0.2017664391571959,963.7653995289481,0.0011705711407136732,172,567.0116169493481,567.0116169493481,-7266.85812538256,-1970.5833827811064,484.3678555634833,197.50443259531596,1051.3794725128314,0.0,0.2978378227137723,0.013104847748237352,0.017007967068567848
26.730700889692436,24074.74458296432,999.1605793421185,130.92026584565224,34.89262870232572,0.16113607095744722,868.2403134964662,0.0008456332723771373,191,450.7547362814281,450.3868556145298,-11947.320603116505,-2584.7946548247637,545.8378361595617,197.32975882355845,996.5925724409898,0.6682675222423103,0.3987911585589248,0.015042075688576715,0.021053401862776707
25.68202778252173,25516.18171405013,970.6124400770229,86.88249530057931,36.74650341842616,0.1277161987075987,883.7299447764436,0.0007793669170316224,164,449.00394340170715,449.00394340170715,-13518.489467112751,-3401.181450146046,520.1618476550567,223.58172168453177,969.1657910567639,0.6420506945630442,0.4055315213818599,0.015067051187862395,0.02117721537881459
10.08131892284018,17727.56029613143,1020.5462317259453,95.09195989447157,32.05897214586801,0.1011496862203274,925.4542718314738,0.0001641213184322626,616,590.0101599257957,590.0101599257957,-23838.586743109536,-3317.985347173295,422.20040775737516,82.60770848476,1012.2105676831709,0.252032973071005,0.12312871745279513,0.015005855241902141,0.016853506952119852
15.303436946081359,13934.709332707465,1097.383128865143,78.26798999626409,42.58795364417929,0.10510342470448718,1019.1151388688788,0.000359782831049498,292,701.5076836961424,701.5076836961424,-13639.535463285103,-3023.2036395882124,392.7135466979256,120.2246226783318,1094.221230394068,0.0,0.22330413879076288,0.012051627923431682,0.016624360769718786
26.96515895168924,9041.815870095625,1091.4672774172873,102.42686304969968,30.584851768558135,0.1510961363161079,989.0404143675876,0.0010936533310386318,138,744.7270327157463,744.7270327157463,-4826.780309020248,-1618.7824544755404,344.8463385701708,132.9319286340177,1089.5733712859171,0.0,0.25058481173958586,0.012007337616853402,0.016622798174706067
15.051346767037247,10557.105335305403,1089.2674991631613,111.75034469120186,41.417850078832956,0.30630534488474714,977.5171544719594,0.00036404341240231,841,607.4513630683223,607.4513630683223,-9583.759609674102,-1208.7313011358233,468.12315232373953,82.9460603159556,1075.5745153920618,0.37628366917593065,0.11122105623643114,0.014184072824945012,0.01665055043899818
29.4333762466311,10141.594505458106,1086.527555133365,155.18189862557406,37.210427425609616,0.26022461192038615,931.345656507791,0.0012550226040200754,207,619.8896019005019,619.8896019005019,-4595.319073695018,-1198.8777066418347,462.4795236710529,147.5647457196544,1082.3691255715548,0.0,0.21109685492037206,0.012294338823453122,0.016622967040837138
20.153691019984457,18259.525833336796,950.3806998416793,76.08428091107757,27.12963188060685,0.21476326360362857,874.2964189306017,0.0005799169473327789,370,503.4537439374556,503.4537439374556,-12152.945082139864,-1728.3121395076769,443.4743325050484,115.53393321343918,946.928076442504,0.5038422754996118,0.23715368805403972,0.016363629155468826,0.02024432415963687
25.233087367545505,23364.901608769018,1041.2228357241845,99.12913705564907,48.11034975105202,0.2950634013053235,942.0936986685355,0.0007708346623308866,383,450.4780386070799,450.4780386070799,-13182.325389205147,-1665.1973042385666,586.6792275414682,157.28831835261923,1037.1572661485482,0.630827184188637,0.3652984519460485,0.015395302650275241,0.021019182875661683
29.213523112167234,16133.812639508387,1074.777525248232,155.61427534289504,52.97991691829953,0.25947163120632477,919.1632499053369,0.0011037899262671153,235,500.1612237792719,500.1612237792719,-7414.043433220997,-1615.332141367829,570.4043735144335,186.66512483778405,1070.5655972937054,0.7303380778041803,0.3031039380440539,0.014925513179000226,0.01944949500088362
27.687769022066266,10221.835839373789,979.1638397783721,62.24049970301976,51.085185018477326,0.323679250010928,916.9233400753524,0.0011546844621291203,280,573.5432768158739,573.5432768158739,-4953.794910457097,-1062.0714221117807,403.34578518601177,132.19928683610783,976.8890620018857,0.0,0.1928437036672497,0.014642773511451736,0.01746654018736079
21.616176530573316,14118.261639663855,1043.2626766192477,88.93285339858207,47.6082939553999,0.22888277938637927,954.3298232206656,0.0006809436919500372,336,555.8949434978676,555.8949434978676,-9185.210933634611,-1741.433408417705,483.51178172082155,142.8171473522384,1039.4067252186892,0.5404044132643337,0.20483348627256995,0.014823037182841439,0.017859291566150785
27.886296224081594,20114.73613260263,1038.5470029496223,70.28921471489674,25.9543357408149,0.11035831024804604,968.2577882347256,0.0009579448983979777,115,566.9816679501465,566.9816679501465,-10841.1360338822,-3642.5451751216906,470.6967299704726,238.59461256638315,1037.678397920619,-1.734723475976807e-15,0.37936762963674076,0.012182982114028624,0.01680481116053447
11.038484017470003,10435.565783719072,1034.691185902896,98.12063210609057,54.201774055693036,0.12613975099777244,936.5705537968054,0.0002063270169763124,611,692.5481002377884,692.5481002377884,-11918.566105869791,-1935.6751735062146,333.15466743964396,67.08964538862813,1025.7027676774323,0.0,0.1140503150875458,0.013235194750935209,0.016660080787729972
28.90423490817033,13207.02453220273,990.1867413125176,135.70403481892714,33.51140753283855,0.18567570082740675,854.4827064935905,0.0011701960321545187,159,541.3101766156818,541.3101766156818,-5779.913852050295,-1683.169741282432,446.2615506423323,166.26063370082045,987.5717272580141,0.0,0.25340860579033936,0.014758164905627733,0.01849801089838677
16.569378720993704,16603.60775196803,1012.4989235560831,74.57147210632404,46.450296111377384,0.3374838982042388,937.9274514497591,0.0004123893684007614,818,516.890503940699,516.890503940699,-13959.387031342641,-1248.1289145508485,487.5050525901195,85.76342751654693,1004.3955565308185,0.8284689360496854,0.1791351003170893,0.016727519519612273,0.01972400540681409
14.64904007063069,20074.43256072539,1029.2975148158887,156.81849299915416,53.78023826731206,0.30010538508307083,872.4790218167345,0.00031688434462831414,947,481.9541658770488,481.9541658770488,-17039.069249243086,-1301.361391527095,527.8797890026057,81.8285049265296,1009.8339548796545,0.7324520035315351,0.1864785670610125,0.017682606619100035,0.020980033763333385
16.843043415691767,19484.33490738573,966.9511260431509,134.76499186884752,40.7760291462597,0.16380757732591,832.1861341743033,0.0004153933787070182,394,513.3310500318424,513.3310500318424,-14147.50539345043,-1948.2180140298549,446.90723069011665,102.05388988415109,960.2382807219591,0.42107608539229335,0.2130250699283757,0.01643274834419775,0.019933335709335878
20.16978407798584,11549.287941364535,958.754253207116,139.9313594266165,28.629832279837544,0.2808652720967809,818.8228937804995,0.0006413839282535824,438,552.5062916707199,552.5062916707199,-6722.465488266147,-947.9950231926318,397.9265792496976,80.73056371552093,950.4328709204175,0.5042446019496456,0.15605705226917344,0.016170644277592516,0.018694187356846984
29.790984561809815,16618.105542610916,958.3113567154454,113.15036866709244,37.27658842971532,0.31741643230361605,845.1609880483529,0.0011607549201080559,273,474.747518819376,474.747518819376,-7104.95338024538,-1168.9167722720733,480.09087933400866,141.27874778908193,954.8383981533847,0.7447746140452454,0.31244033665223725,0.015884903018007414,0.02084798746464179
14.759869573330576,20166.085156686117,990.927642573123,144.0339899253957,43.254619755430475,0.2546655330811298,846.8936526477273,0.0003241549948062221,786,481.01453404563614,481.01453404563614,-16807.260849339098,-1436.0261889932985,495.22250627936506,84.39996862849642,976.2370403250012,0.7379934786665293,0.18861513454297282,0.017850879801556377,0.021217825897037367
22.896912201337205,11501.77596818934,1097.9363179124707,98.9774936506573,45.902810081594815,0.2385824800841012,998.9588242618134,0.0007759991450334721,307,636.7171130493349,636.7171130493349,-7292.402321485942,-1520.5434631649168,457.1684794658389,136.22846939724855,1093.8855925151738,0.0,0.1887313578729587,0.01186302190197946,0.016616742676757973
19.12176138593332,15024.599868484753,967.6502011743355,70.49414719814838,46.691902921487525,0.3430669790248516,897.1560539761871,0.0005509829582637432,623,518.9016251530691,518.9016251530691,-10464.343216920546,-1101.9396460490634,443.0192375914552,89.36031296318356,961.9208627445242,0.9560880692966665,0.18740984271521682,0.01670734406828486,0.019838464792311137
10.007960139947036,25273.671968345338,1068.2706511026836,93.1915004799913,36.057580962296946,0.25615514118883365,975.0791506226923,0.00015067256922346773,1700,465.47615500433955,465.47615500433955,-36903.97296679303,-1989.5225093440972,574.397548102879,70.02226737278608,1039.8737031072185,0.7505970104960281,0.15840088356232465,0.01859996346093509,0.021546214107374163
14.214813680416164,21803.977293815522,1092.4235499428153,132.23018060313774,26.462001655814962,0.1370298778089537,960.1933693396775,0.0002899418124801175,473,536.2014380403722,536.2014380403722,-22093.67525926421,-3091.6163951322683,548.1378296856416,119.24893285951953,1084.3392677260138,0.3553703420104042,0.20465085549851328,0.015300696267011025,0.018431996847777743
24.198035927000966,15171.844656231167,987.3179062585634,71.75979620858658,29.656166093062414,0.2006135593208031,915.5581100499769,0.0008284299601836755,242,526.9122751507938,526.9122751507938,-8751.400334927204,-1938.5761036705153,458.27360608313904,160.88386163036841,985.1858812339328,0.6049508981750256,0.24093439908145495,0.015409541984740873,0.019122230722954867
10.486025065980053,16435.38482168424,1099.5626617845753,131.78535752065864,53.444107804954704,0.29115069227943247,967.7773042639167,0.00017439711769422258,1669,555.7876493535722,555.7876493535722,-21031.79207426642,-1415.437415034424,506.24340834935754,58.57546240963802,1062.0310577029297,0.524301253299002,0.11560813226458473,0.016136777991406143,0.018002320755760866
27.104894585644054,18844.841692331207,1050.3543389126714,122.26748302707536,51.5106554309275,0.2921195192706887,928.086855885596,0.0009316538295447596,314,485.61432604431786,485.61432604431786,-9586.349062958509,-1512.5233638512,560.4263663011569,155.5148727934503,1046.0406923454748,0.6776223646411013,0.3248270667561304,0.01507497978973027,0.0199717412562363
19.34095341470575,13047.904303468944,1069.8305070368638,61.24615158345345,46.54057348830629,0.1900853198922572,1008.5843554534104,0.0005622258612493457,338,632.3451215158391,632.3451215158391,-10082.813052115083,-1979.869488294482,434.7049715596313,131.20450642635672,1067.0500930754704,0.0,0.18011022155728884,0.012232343458637818,0.016608285466122284
25.584777036193607,14848.344910032993,1064.2705350008437,144.169302455842,36.78239746628804,0.2964007401862807,920.1012325450017,0.000901244607705143,329,518.4699240666818,518.4699240666818,-7886.326850339276,-1354.5311063393308,539.9846530972005,141.00711423305802,1058.4545771638823,0.6396194259048402,0.24774007145601074,0.015279731853700393,0.01906513371496481
23.21928913295327,14450.401137594103,1025.976548043998,116.76460418095047,40.80622304777364,0.25196497862061396,909.2119438630475,0.0007727199551866091,326,533.9945784534732,533.9945784534732,-8342.763119536621,-1489.5092404444836,487.180882841064,130.85984384973256,1021.1754612945372,0.5804822283238322,0.2214204882648235,0.015361031077311259,0.018762278078700644
16.974447595476576,12368.516505116593,1006.7550053650275,106.01941169392938,46.98493398211687,0.1155124195360259,900.7355936710981,0.00045580458865588193,253,640.2951303822824,640.2951303822824,-9367.351038097187,-2258.443577413756,362.7519793263739,109.00017102336676,1003.0471097086563,0.0,0.15086121283348616,0.012517016888929167,0.016632262727317607
18.824315260059446,10261.809114793534,1039.0853798079017,89.19506743181904,37.748777457955896,0.13282493421201988,949.8903123760826,0.0005623547624285969,236,697.8805971169659,697.8805971169659,-7475.798849366633,-1898.8685574744577,338.2560955509623,107.09957529473252,1036.1366926679282,0.0,0.19970015716650313,0.012431175865929716,0.01663249151011302
15.180563013611753,17703.094302890913,1010.8760987304497,79.65746500721534,41.03258620582693,0.19838954157003724,931.2186337232343,0.0003480033208525403,570,546.0841680849335,546.0841680849335,-16203.444609683167,-1941.574866195401,458.77072869942253,92.84765966092993,1004.854896784356,0.3795140753402931,0.1788903331849508,0.015731750213737093,0.018546008251054943
29.35886726264201,18218.106912939056,985.0137129280823,105.65818654424251,43.312514712447765,0.3444759947432574,879.3555263838398,0.001092321139429787,315,463.681152647634,463.681152647634,-8215.775585719186,-1208.070720990535,517.672848591851,147.31494706682201,981.354001239485,0.7339716815660517,0.33476451421851855,0.01572254171331451,0.02098589075225264
15.468224342821031,15657.617960631218,965.5285737072854,96.96401253492812,33.77343536225907,0.14717530419017716,868.5645611723573,0.0003735580968717955,394,560.9522231164403,560.9522231164403,-13007.965677557879,-2090.014863281521,399.42548593553977,93.34589644121195,960.3777090519801,0.38670560857052577,0.16314365874682166,0.015680612502203223,0.01823880499720381
18.31432434275685,8953.077610841983,1089.2432044666257,65.34024745100409,51.86449915599727,0.15890184985249575,1023.9029570156216,0.0005363135777040666,296,764.8860192854538,764.8860192854538,-7139.736244269822,-1631.6148955382723,321.5778431014355,96.6401520957229,1086.4638623868893,0.0,0.1669491186453905,0.012867828810025184,0.01663442389012809
14.922720193501183,22834.051612439136,1061.3809665447275,91.09174462647941,51.76797803939482,0.18324936042691983,970.289221918248,0.000315039758734933,582,521.2804214838981,521.2804214838981,-22085.778181050457,-2448.8743495406757,533.403204099429,109.03188018264643,1054.683625583327,0.3730680048375295,0.22243351518254187,0.015603371853522638,0.01907408470360201
14.147437847849455,23605.64742886342,953.412609097137,124.57023178386457,30.3429486350025,0.2425115223966943,828.8423773132724,0.0002928796953542778,828,439.23798676438474,439.23798676438474,-20783.834445080767,-1606.5869741918452,501.1647187810202,86.29318023065747,940.402705545405,1.0610578385887095,0.20526307404144437,0.018992588606157806,0.022891065727462266
14.880227268120223,9922.343074805023,1026.916959238074,60.97181088210286,28.789411391826683,0.26496249942039785,965.9451483559711,0.0003656042254141557,725,619.3625727328632,619.3625727328632,-9441.404877187731,-1307.5476120452756,401.0795373421188,82.11030087875395,1020.442110074982,0.0,0.10438005253358415,0.014036862901257142,0.0166372600343279
30.932262610229614,22997.860863974456,1006.2525442326988,119.65432371943848,47.59337289595243,0.13090531058517052,886.5982205132603,0.001087357064347354,120,474.81944459259387,474.81944459259387,-9954.504091140967,-3155.807702779319,530.0230501472541,252.25105743556628,1004.842494739848,0.0,0.4486175520645433,0.013800718869209343,0.01999196358504499
10.822057858719425,12176.767483862921,968.5922719980568,78.68630415494518,32.11807662361176,0.1376991145446237,889.9059678431116,0.00019968292930231424,690,613.2641044107235,613.2641044107235,-14376.22467014073,-2007.8343114224685,347.30256835612727,64.65534950072981,960.5666727668507,0.2705514464679858,0.09261747102707052,0.014779914768059633,0.016647593392646754
11.293865844562086,25446.578217446237,1084.913484044274,93.5887245912583,41.59151429474507,0.3184180951125822,991.3247594530156,0.0001862596025414634,1710,447.20687535332826,447.20687535332826,-33446.261561018604,-1708.355374429185,609.5464616562008,74.51662817985351,1056.753337009529,0.8470399383421565,0.17762128781351233,0.018681352911208017,0.021999558873395494
29.387107528017683,13845.394053609889,1084.1884119395543,138.35965497470463,46.433489935220116,0.3088808125543725,945.8287569648496,0.0011617501326683425,266,523.4246250473418,523.4246250473418,-6529.628762415626,-1366.890705395628,556.3344756950864,176.25752577392416,1079.7591007424282,0.7346776882004407,0.26639463509697126,0.014766666105076662,0.018700426733737372
25.551931646875957,15707.66765999225,1044.0587438987054,137.2820557556035,36.5391688817908,0.21721295772814458,906.7766881431019,0.0008903657169791222,244,515.5110998394044,515.5110998394044,-8284.031997896338,-1800.9986935352106,524.5144708231061,167.295817065719,1040.0255706625105,0.6387982911718986,0.2611125487685893,0.015232175860587267,0.01920948812283659
11.39664079049978,8831.149423738629,1040.107791548654,135.4516943143584,27.672285720713678,0.2876575574872273,904.6560972342955,0.00022241249017165434,1293,625.715854668533,625.715854668533,-9020.40401083281,-969.9592226199948,386.6686192665827,49.770004468040725,1012.3844739351157,0.28491601976249425,0.07156542561388146,0.014255419540748788,0.016677677654768103
28.054287702411024,22141.293608910717,971.2162300519457,63.05107658840221,45.366262482180986,0.15346558828240964,908.1651534635434,0.0009484698032348335,162,466.59115551484996,466.59115551484996,-10940.940410933476,-2873.8557728880082,503.5670887340486,229.02618482173813,970.1582442488985,0.7013571925602764,0.3894156345644265,0.01486860976056999,0.02065867886557318
22.68395074639958,14706.594834727573,1068.8977412169886,110.3188814193928,26.03888160360516,0.10564959890341749,958.5788597975958,0.00073020858536498,145,647.8566399468332,647.8566399468332,-9349.622618653475,-2934.657170551687,419.0323993723955,166.92593030391447,1066.8890393192287,0.0,0.24108156558391067,0.0109187114257204,0.016601523972466243
16.096093435305203,10512.888137690461,1094.7925625224689,153.40903361904344,34.76197891574077,0.21063643500694296,941.3835289034255,0.0004125915952340718,511,639.2050675587515,639.2050675587515,-8419.253783909257,-1433.2509176281612,444.33109031061883,94.00218023969398,1083.5361578693703,0.0,0.12156528884514278,0.012650355328305543,0.016660329830489543
21.275029545067852,8851.408418318611,1030.5180073479585,74.41803123643118,52.323567123094584,0.3180825012651968,956.0999761115273,0.0007226291607944826,440,636.475961702274,636.475961702274,-5658.017153113443,-1005.2434277186328,389.4238067176003,99.11570734236489,1025.8997684198744,0.0,0.13509431771365601,0.012806630599496355,0.016629195780544913
10.632957778299083,15767.84448993541,1027.6210781403695,83.25306806846567,40.003915750788124,0.20312770559148485,944.3680100719039,0.0001837550435104733,1105,576.873127577842,576.873127577842,-20364.378771121475,-1809.8798701778944,436.9212733641059,61.77666880564777,1013.7944009419479,0.5316478889149543,0.11435130983200684,0.015660580801098334,0.017451388728433905
17.719494913727875,23421.134000343958,997.1373558840997,143.80318592827967,38.28915419385971,0.15204367185902626,853.33416995582,0.00042934899145495456,354,489.567323189203,489.567323189203,-16839.463385689043,-2393.3675938898123,501.502660545521,123.50638708703872,991.069983734724,0.4429873728431961,0.26455813002695405,0.016126952123387023,0.02039346842018451
26.939979168593837,24847.041630169988,961.3076893546754,89.87775559286669,51.948392545609856,0.33017917379016914,871.4299337618087,0.0008521936453896358,387,409.0502214703812,409.0502214703812,-12137.696513801298,-1402.0048433684701,548.7386322014518,153.00123063119815,957.788853671833,1.3469989584296918,0.4027313438548044,0.01606477445024635,0.02253456265331839
21.32434295206817,19971.76771145706,985.958158750089,138.0622267970504,50.033688081891796,0.10723268278084819,847.8959319530386,0.0006188388392718198,173,514.8026427901009,514.8026427901009,-11674.133072436547,-3111.3023502394767,468.3451952767356,169.18560178351356,983.1478380668365,0.5331085738017032,0.27673943523022637,0.015224222743299308,0.019437365547099128
17.244883851462983,14997.210708430808,1073.442330218668,64.68236802451429,43.37498951753433,0.339684961188453,1008.7599621941538,0.0004445192287348351,764,552.5181217557828,552.5181217557828,-13085.265010068902,-1343.4181138114157,514.2612347901432,91.41373846392287,1066.779356545926,0.431122096286575,0.17309682127463116,0.015330953410872449,0.017984692713403933
28.558843226315286,16520.035141671353,1098.9440135836014,147.78551793107277,47.087478345663406,0.2753071369449334,951.1584956525287,0.001048573133815771,263,497.33578126120375,497.33578126120375,-8121.45675707894,-1645.6283267517074,597.1200178245856,190.34368080817495,1094.4557990857893,0.7139710806578822,0.3027474184473308,0.014923496937354399,0.01944154710934509
19.98864369281022,9620.194324305625,979.5024304782268,75.07887112810629,42.518048639486764,0.203808345606791,904.4235593501205,0.0006457144577333809,316,630.4295897071156,630.4295897071156,-6280.685874133748,-1342.8064275196116,345.7471755242709,100.33606845329109,976.1767652313865,0.0,0.13720402037014906,0.013240394283480277,0.016627452340824307
12.86245910652337,21943.88418118011,1005.1178645677644,76.19452715755642,43.084839896168276,0.18690007956563312,928.923337410208,0.00024774282573828196,754,514.3528272822045,514.3528272822045,-23769.450679974925,-2219.350897975465,483.20045995180215,88.50231799045184,997.5532872340067,0.6431229553261691,0.1833057659107176,0.016768155509143266,0.01984185509765679
29.47052722627789,15500.448599098374,1029.7734732973088,82.366925275862,35.53654347496386,0.34111631246913865,947.4065480214467,0.0011446242447407948,298,495.9401867095191,495.9401867095191,-7562.145713764401,-1323.5677966793519,530.9852548066485,161.8713135975816,1026.9254415161677,0.7367631806569473,0.29288289068143514,0.015342241940122802,0.01983572210907992
20.429932962489154,25323.17667876314,1028.6236242951607,126.22722162001395,31.67958384886835,0.3346878441011185,902.3964026751466,0.0005298499146415538,632,412.5605679213481,412.5605679213481,-17087.417991835788,-1462.7853645765663,607.1264693299067,125.83930016629364,1019.6870372512548,1.0214966481244587,0.3120154803846568,0.017264614296818866,0.02265144122029662
20.767769836029125,10840.07969009161,1092.218193509527,153.63521463166182,27.807473956053933,0.2668973823589248,938.5829788778652,0.0006584112513726299,405,597.1219188040061,597.1219188040061,-6970.9680680622305,-1280.5275226080043,486.5467583510424,117.55238253516097,1083.6686771550485,-1.734723475976807e-15,0.15625252495958133,0.013897958461070782,0.016643174587357167
23.88831151449306,13437.21976699933,1045.1115047185458,141.6631406647628,53.53418192713316,0.16534291607869944,903.448364053783,0.0008225304761585099,201,590.4657143091218,590.4657143091218,-7271.822428717581,-1893.094123323258,451.0254846647339,149.30670793730474,1041.4911989738557,0.0,0.22142116246298044,0.013376725707667307,0.016612655756142083
11.369284661763963,10751.749068781093,1088.4837633051975,139.8241775018004,31.020913635102062,0.34165761522678995,948.6595858033971,0.00021411314371040587,1596,602.9695113377979,602.9695113377979,-11979.999285598093,-1011.6043661079515,448.0690748768625,50.88798401064946,1051.0385862146604,0.28423211654409963,0.0852458270619757,0.014821171255927183,0.016671575096446633
30.722210955851676,16425.33808642228,1032.848358416201,90.09255199533155,47.0278574239384,0.1341367511906833,942.7558064208696,0.0012056566562064133,111,590.0619165333181,590.0619165333181,-7562.511500282472,-2635.4289300049245,441.67387701726796,213.60645083225722,1031.735793550586,0.0,0.34775269501235073,0.011868215210825048,0.016558457302823622
30.430565750825554,17483.2084254574,1098.747245833154,68.80356597071714,53.304804790560226,0.11727104432799998,1029.943679862437,0.001145604096102953,102,650.7207664054464,650.7207664054464,-8889.707453871291,-3245.3372968951167,447.25874287800104,234.70490549933982,1097.9795092834474,0.0,0.3949928032220221,0.009503993530346757,0.016550651554841735
23.781165215464235,17923.916286421725,1061.0850034389407,146.37919719629218,38.920028659571,0.28168618817503643,914.7058062426486,0.0007555729202296755,373,500.27062416024523,500.27062416024523,-10248.334544035659,-1470.5215728265555,554.321173118431,133.80731528036483,1054.5917972786763,0.5945291303866059,0.2740587036420964,0.015414236039936186,0.019638641586674378
23.621884334532403,21640.991842635725,1065.380691772506,88.27338895105557,40.18877920536627,0.17206418197944162,977.1073028214504,0.0007047580363293166,244,487.86446979624736,487.86446979624736,-13625.292303676117,-2845.0808286139377,575.0993181384357,208.56212854437695,1062.963787934683,0.5905471083633099,0.3255225309549264,0.014946768951527347,0.01981227901022704
16.147085541902612,13318.657719568708,1077.9953905492812,147.92680358113233,29.317799529927505,0.34599566495451073,930.0685869681488,0.00040271999156642625,859,557.522239394676,557.522239394676,-10966.711654125136,-1076.921275764742,502.7898880665832,77.14769798335055,1060.3121274612593,0.40367713854756476,0.1445547385159185,0.01564734366973349,0.017909241342380526
20.604856224017414,18745.684408530207,1087.82207354477,87.1495337173092,41.326248877799785,0.19058191418438014,1000.6725398274609,0.0005782202799164223,330,523.7681890105722,523.7681890105722,-13717.720038970601,-2499.3324337465397,560.5374741255124,172.71352025161934,1084.3056631360846,0.5151214056004355,0.2527292785580049,0.014938441970858174,0.01871382363293378
23.044329245243652,24978.723445470598,976.694102419781,141.2575175997112,32.57930348404727,0.139093055424447,835.4365848200698,0.0006578404086849406,211,461.72225720417134,461.72225720417134,-13806.810630523221,-2692.382418901404,511.78601636966255,165.8559267511331,973.5082735738339,0.5761082311310922,0.3595068983034488,0.015426013139006189,0.020971771275798554
20.49310476343494,18562.229399937896,962.6996629202368,158.67840451407216,25.44910695204124,0.27044793230303876,804.0212584061646,0.0005933051988492646,456,463.6832627884254,463.6832627884254,-10892.182062180138,-1257.9617623362394,490.204587530807,106.69655044506419,953.8878503192324,1.0246552381717473,0.2380752884578256,0.017527174188823536,0.021699961239678257
25.6950959443637,23779.63844410952,1081.0592451758057,133.5049664045717,36.30470488905911,0.13501220409950157,947.5542787712341,0.0007830059990453663,172,485.72655948976336,485.72655948976336,-13351.88665923951,-3429.149818541641,592.9149126030193,239.79316361984996,1078.6414720927826,0.0,0.38839603735633593,0.014094986275633749,0.019569423091681838
11.11648813812442,17597.655315803437,1017.0375527005488,153.23102862403184,39.46926316279058,0.18982614432922554,863.8065240765169,0.00019731418007064581,962,543.6800032055564,543.6800032055564,-19137.771486745143,-1686.5075338126726,452.51423059258775,65.94141178370808,996.1942337981442,0.5558244069062204,0.1299798233858462,0.016729534214085337,0.018904036116559622
12.582365794194226,24255.392606627414,1092.5650574933584,126.82083044877474,43.81351096164781,0.20256292565723963,965.7442270445837,0.00022791859811045076,889,503.7557680593673,503.7557680593673,-27475.28156516313,-2280.0774559843653,574.0780599621996,93.7824774851918,1077.833828021567,0.6291182897097107,0.19659534732028575,0.016489319676758523,0.019731043205686086
12.622676148489301,10084.705089018289,977.9219464317695,149.33842356937907,50.76334377627202,0.2794295881027915,828.5835228623904,0.0002722393727490299,1026,595.5338056114722,595.5338056114722,-8420.88488564676,-834.353868931986,359.4670712191987,47.02184748769673,955.0008768306709,0.6311338074244657,0.08826935033227468,0.015627601997024423,0.017007040272553127
28.40025706250479,19783.412612233937,984.1340194284725,115.00957193328094,46.36329268271196,0.19449364843825867,869.1244474951916,0.0010055004244494356,193,473.27845133455816,473.27845133455816,-9086.456493860867,-2039.7957815596137,508.46378216137435,184.6979302496166,981.7422334959325,0.7100064265626211,0.35404541077869855,0.015184196398356133,0.020560091449556565
25.99181609177464,9848.653984309709,974.0370694543119,85.95971673366981,54.46906696940319,0.2821138872966328,888.0773527206421,0.0010404974726630043,271,584.5246169267925,584.5246169267925,-4819.456532149045,-1076.5242835434085,386.4092851904014,120.93610749163781,970.933902117194,0.0,0.1759734270105371,0.014533753528101616,0.017091307943768144
18.97387721966458,14609.212202282424,1072.5031718450107,158.64156695212614,43.695579885464966,0.23430241866981463,913.8616048928845,0.0005318273028584184,441,552.7752741627936,552.7752741627936,-10050.844355823256,-1539.5784706809031,510.4842637629398,109.79835744604213,1063.2595379257334,0.4743469304916148,0.18557709349032325,0.015142020406033966,0.017952032542556916
27.660876348582537,25757.862665679,1036.6311735955292,80.707704886726,30.38574387997924,0.3452770638010395,955.9234687088032,0.0008635085287226811,400,406.913758211706,406.913758211706,-13831.325060028183,-1589.4739085820122,626.4995195580416,175.02654926856002,1033.4132777697475,0.6915219087145624,0.42800009165067254,0.015496568951104892,0.02212910188244875
31.71232435530961,14584.397842632156,1092.7893170077984,122.09226841797604,34.352351241921994,0.14181216892095094,970.6970485898224,0.0013018138025026342,109,629.7647339704124,629.7647339704124,-6704.6122350651685,-2402.662649731542,461.50011505419025,209.86437019060406,1091.2648490246027,0.0,0.3292649510391062,0.010629431460682905,0.01657628912989283
14.322417041604961,11753.447210353195,1093.6276837022924,82.80972683867118,42.09236549330792,0.2834635275270375,1010.8179568636212,0.0003266016099403673,868,602.3105949290608,602.3105949290608,-11953.379671837141,-1440.99290077911,480.86302879931816,86.72420441339716,1083.173623728379,0.3580604260401245,0.11728645111186886,0.01427412193983348,0.016638670759131564
16.89159634141992,14141.402187052587,1013.2150531023825,117.59315376173046,52.22928231140028,0.1447825514855463,895.621899340652,0.00044066635430444574,329,582.2861025713814,582.2861025713814,-10690.221842075409,-2161.2461008770274,425.6906791056134,116.42118674532912,1007.9767816769948,0.42228990853549786,0.16367690269143612,0.014664272940923683,0.01706447571611591
24.986413334599575,22969.038692318652,1006.0964034733662,83.60438033285294,26.067433250062997,0.25120472209549816,922.4920231405133,0.0007686270761023732,327,450.8070114972219,450.8070114972219,-13172.762052659808,-1876.673167202583,552.3481888804414,161.47227785223595,1003.1552003776633,0.6246603333649893,0.3556952169698044,0.015646326905422486,0.021211650548827225
25.142828163639216,17112.551172563442,1042.1358631692515,100.10098800430526,53.00948487223633,0.3144259009815863,942.0348751649462,0.0008455827322510833,372,506.3178448924843,506.3178448924843,-9500.81809168165,-1385.1776943504412,531.4092939471593,136.25851343697815,1037.7271388396437,0.6285707040909818,0.2779196466068043,0.01523805422004417,0.01947300886385417
20.723883823414553,12662.194532226735,1044.9945421520886,102.58081110385896,44.382758437030056,0.1623244666134653,942.4137310482296,0.0006455915200642887,251,624.027480666112,624.027480666112,-8383.197592905,-1964.8199792554801,417.54447717822234,132.61349744420818,1041.5719578443343,0.0,0.18602817353393292,0.012584554474432555,0.016617058654536585
19.272989462055172,22106.515383030543,1010.5143989372979,105.99628852989505,30.46993136185943,0.17968173163862983,904.5181104074028,0.0005022099470866125,358,493.7271861389441,493.7271861389441,-15828.834794948714,-2284.8226901332887,512.293824473079,132.52626043187382,1006.021010612023,0.4818247365513794,0.27247031271453215,0.015810993724022452,0.020119020128334355
26.416223721749503,19586.373332454103,950.5919112373084,120.67847289462148,44.95094975943231,0.24164902245250053,829.913438342687,0.0009014291706915755,268,467.2531895856986,467.2531895856986,-9206.44179105697,-1501.1827078808835,479.757046744323,141.7500310209566,947.0102363300216,0.6604055930437385,0.3246137214581996,0.015917904890550495,0.021085075234889766
21.460352282095677,22263.590366372653,1052.7133141916981,92.44395236159545,26.100617627612177,0.16957657064319065,960.2693618301028,0.0005958454864874261,285,486.326281981328,486.3221324950118,-15370.832705561825,-2790.921828931357,563.3656905733751,177.44547170263007,1049.6919725547032,0.5365088070523917,0.3038802682431356,0.015358126865001048,0.020025310907551906
29.673408042510776,8394.720361348454,1029.1690246843202,82.92003358287414,53.8010977127106,0.34355213465146844,946.2489911014461,0.001341841391651164,256,639.7189568480798,639.7189568480798,-3819.4058553411023,-892.3431291896633,386.60267498107726,124.78458723880044,1026.321631829157,0.0,0.1792349266793887,0.012083279861478745,0.016614502740813043
22.168532885221296,24648.44835525001,989.76364585689,115.45569843112082,51.17479680467177,0.16037887426412917,874.3079474257692,0.0006178813704305446,260,473.57649336780383,473.57649336780383,-14550.373835746148,-2494.451033902987,512.9115080168144,156.3349631114724,986.4880013846182,0.5542133221305319,0.34423048462985034,0.01530502381343676,0.020573479578007495
20.911132645579812,14332.096834422497,1051.1243967515923,87.50481080803294,38.78705821813813,0.25520643948345667,963.6195859435593,0.000638417471792614,400,547.0442961328401,547.0442961328401,-9835.046073646638,-1631.2808946198493,499.539039226936,131.0623446834478,1046.5833353597761,0.5227783161394963,0.19977166123086548,0.015174638483645714,0.01820610122210144
18.65848387096699,8496.552429363388,1061.6801281566075,69.69075410609702,47.38050552655638,0.2543621986287249,991.9893740505104,0.0005637750159385856,451,696.2644914748632,696.2644914748632,-6421.195695711884,-1163.0690531967125,360.8709429728067,90.28947419188444,1057.13543444767,0.0,0.16188662096185352,0.012676708758313272,0.016637073527946637
11.064194007564778,25844.405501157325,1055.92464984082,76.82815506665503,53.8804081145045,0.27283325690392296,979.096494774165,0.00018030638654037952,1513,461.91284872812366,461.91284872812366,-34015.01792890525,-1895.8097198962296,574.9577438984343,75.2607201234307,1036.870592626558,0.8298145505673581,0.17860403228944374,0.01833481292832614,0.021609484448597813
27.575065385701713,25064.560356237023,1007.5812968118985,97.28942076196844,35.83223910829394,0.22277130806164736,910.29187604993,0.0008736643477661721,255,436.9391058286711,436.9391058286711,-12735.563148538153,-2124.7122858600596,568.1560410056286,188.40571030617542,1005.0951468342997,0.6893766346425418,0.42406532109876394,0.014974524180635223,0.021324700585597503
27.427052435827335,10926.004722105848,972.1596752752869,110.35789621349343,44.92140246871794,0.13657757049113417,861.8017790617935,0.0011222345686331026,122,623.878040140091,623.878040140091,-4969.9211287534035,-1737.7780330727064,346.5562615008839,138.7094496087483,970.4343016409749,0.0,0.2125425796700546,0.012495779118469823,0.016607810870017576
23.460329986468064,18939.72049111899,990.4902551556156,122.41756662933759,44.493803097277954,0.2503173056484518,868.0726885262781,0.0007388028462067878,339,487.39170188721135,487.39170188721135,-10438.321582417879,-1519.9626919585387,498.25398598023986,129.77481869831837,985.6456878674512,0.5865082496617022,0.28293228659185665,0.01590046052500248,0.020399214179204987
31.789272601334797,20506.077445598712,1090.0482639439115,159.17718211864485,34.419673394979604,0.20428735033665715,930.8710818252666,0.0011686180307286691,175,461.960600647916,461.960600647916,-9108.17278682097,-2292.8693494484523,625.2209304944674,245.8589124254177,1087.1815311423834,0.0,0.40737297914517306,0.014393856045990562,0.0202575240648325
25.080501824303397,17420.215761281885,1004.1646154344496,73.47285724145955,25.624041638254283,0.16852781257923677,930.69175819299,0.0008450791037220059,199,519.1089688751053,519.1089688751053,-9964.4844055675,-2447.4102052620433,483.3453794294626,190.35290636481216,1002.4543483045679,0.0,0.2849242565509677,0.014888544010394028,0.01913065134368191
10.690143208762475,10861.606717430175,1051.7464688166308,124.34538859959096,46.13677128610894,0.29623351657983743,927.4010802170399,0.0001924167214857734,1540,607.5373828462152,607.5373828462152,-12448.293233313212,-1079.447243397718,412.16150017195264,47.814392515042414,1019.6988830181679,0.2672535802190623,0.0812680045016303,0.014857977193223952,0.016668540859076462
18.942697520479257,24582.79253155161,1001.6815234578485,77.16119833341705,27.086032259390315,0.11991960760979439,924.5203251244315,0.00047343409580969233,253,490.5359424712004,490.5359424712004,-18593.45183868119,-3623.2145219405907,508.9006953492641,170.26216029864509,999.4366378204645,0.473567438011982,0.29703221412281466,0.015529907186083996,0.02014278990268834
12.956117232660734,9068.44496787932,969.6652480648493,123.27867935274489,35.895513436112935,0.32957283127203074,846.3865687121043,0.0002898301985075527,1137,599.4025614803619,599.4025614803619,-7827.59736224262,-749.4880860768666,348.7972599410507,44.862406515254406,948.1998214214126,0.6478058616330362,0.08176739644422297,0.015614024248324398,0.01689074235912685
26.199255808994263,18267.3005171775,1035.252297558612,97.51191230415711,28.67478903222311,0.2514450733934258,937.740385254455,0.0008911351924359317,282,487.75259482952663,487.7261723774213,-10010.441626870275,-1790.6389490955767,544.353086511703,167.389240456959,1032.1056813412297,0.654981395224857,0.3048554590874108,0.015367379864026014,0.02005318439530722
22.82179867580202,24116.78181684087,991.5588108280168,101.19262127373625,38.30522477114015,0.2935690211465728,890.3661895542806,0.0006528211224371527,450,429.4234702232987,429.4234702232987,-14355.51272139963,-1569.0625178376638,557.1644460510474,138.7958266777892,986.5879162743461,1.1410899337901022,0.33592738805850514,0.016555147678868964,0.02211647519755424
15.911881229169403,21265.80803813612,1023.1728850943756,96.0117929593323,34.845282924868016,0.1583357211753486,927.1610921350433,0.0003623855699058379,437,524.698222497931,524.698222497931,-18718.939745316442,-2541.402697995914,493.18654543086484,113.87845403521374,1017.8847679287959,0.3977970307292352,0.221494417362753,0.015666711068598075,0.0191368001087278
16.241763340334174,9137.20187284027,1022.0859425879737,151.3276367648453,52.81149065252779,0.21383365711597538,870.7583058231285,0.0004366975834615563,490,627.9035142086716,627.9035142086716,-6365.586996184722,-1134.9319127766692,383.38053673086415,78.93606399705402,1011.2840509395357,0.0,0.10569567571045207,0.013679987794929089,0.01666617187719183
13.131244957386647,21954.2941882425,1046.7255291799463,129.62067935965985,37.07929112392037,0.17248230918632163,917.1048498202865,0.000254383358340206,678,520.3818918886001,520.3818918886001,-22645.269790028815,-2300.217710434442,514.8242925366593,93.41467082792417,1035.2061844252594,0.656562247869333,0.18807726063706323,0.016303752973589113,0.01937011817096513
25.27356541012239,12402.043596316624,1080.6518162469745,152.76248289466793,39.006029413325614,0.20113735792894682,927.8893333523065,0.0009171085412086195,219,598.1206862829341,598.1206862829341,-6581.973881156443,-1641.8917078322547,478.2443094263009,151.86375205655156,1076.364995709235,0.0,0.21760637282853898,0.013033148623910909,0.0166183344284012
17.557229418613737,10987.220871055615,1081.6680480698265,72.91624799177748,44.22911283568186,0.1403094282028937,1008.751800078049,0.0004830750610074157,290,718.3733380961311,718.3733380961311,-9176.211720007379,-2072.7732026340045,360.3248446762897,109.96434473964052,1078.6981827724208,0.0,0.20056293486964413,0.012378370410322467,0.01662822026223867
19.73490175809081,19515.445948007633,1015.9120175142442,117.07236829677097,35.479329587780505,0.2329900365162288,898.8396492174733,0.0005407152722537479,431,499.07560598163036,499.07560598163036,-13356.110277548252,-1715.37004786963,510.6854281671683,118.6543472642328,1009.7610341487987,0.49337254395226926,0.24734932580349975,0.016057894288026783,0.020029803613994077
28.94725353541038,21830.90685263507,1047.5538194947871,144.3387344956671,25.158093172258486,0.3041074566975618,903.2150849991201,0.000988615483645848,308,437.41011298477923,437.41011298477923,-10477.888334023059,-1529.7694910300813,605.5046228197978,172.08717183463835,1042.914735804577,0.7236813383852594,0.3879745851361096,0.015363421046999906,0.02132403795398107
30.697363130010046,13094.900644364126,955.0454431618432,62.56930630846945,30.786827534282153,0.18044600042833034,892.4761368533738,0.0013115604229497525,138,564.7058669520161,564.7058669520161,-5801.174893263791,-1810.93210940398,389.31173818350067,176.86347930832233,954.0176051355168,1.734723475976807e-15,0.2717304035643038,0.013845998565218587,0.017608377343096206
23.70910984471181,18813.08412789586,1035.5697398613333,81.9901919104446,49.52010719833969,0.12882670782689037,953.5795479508888,0.0007451493081223887,173,560.9551448386671,560.9551448386671,-11350.916072035805,-3045.705331218129,472.96448381829305,194.42584028556155,1033.9196286569602,-1.734723475976807e-15,0.3003018852171987,0.013313596548576064,0.017311694691134645
26.24085733180467,11674.632710866801,1096.6853607054627,127.22284592474385,31.494066131646058,0.1733595619038873,969.4625147807188,0.0009889691609192058,175,655.9103902627173,655.9103902627173,-6338.229089189124,-1811.7111196387723,437.91446769096547,156.6102212753026,1093.8248579536828,1.734723475976807e-15,0.23500862405258835,0.01105747930238071,0.016613449524748306
27.127193285337125,20534.420767403728,989.4191835289088,109.40206083755783,38.664096883168284,0.32981555999368317,880.017122691351,0.0009190002795934456,359,444.69634171826266,444.69634171826266,-10113.081846895393,-1319.4693533682594,540.4585171724657,146.7240653689492,985.1548588907283,0.6781798321334291,0.34381589478154173,0.0160497887596772,0.021567961243140345
30.967602651528097,11476.875455185913,1060.7500586657713,91.59077464642608,29.606373412542574,0.20521567666473786,969.1592840193453,0.0013424959093139485,153,635.5517962367765,635.5517962367765,-5386.911647205581,-1624.1696391703424,423.4653652153004,173.43703021409,1059.0171614520768,0.0,0.2544594799694227,0.011266213583798675,0.016591053841468386
10.259513553253313,10697.367218516854,1019.9714952021664,93.01172796871262,30.85262534774776,0.23195220106355607,926.9597672334537,0.00017988641834933752,1289,616.5354268086452,616.5354268086452,-13408.986221894074,-1338.765385358234,384.00514629530744,50.66466717850835,1000.5405731039526,0.2564878388313331,0.07738295082451396,0.014661620925709778,0.01666016707611482
19.153643954143558,16806.426492954957,1072.3959595799831,119.8016591306734,42.95508123080303,0.10281112183303932,952.5943004493097,0.0005245625109704196,196,618.6851189260898,618.6851189260898,-12316.897692232613,-3247.693530225839,450.7250944511985,157.9131487369865,1069.4102133772883,0.0,0.22699953186160776,0.012182211994314835,0.01660708866508288
20.204140011652488,11927.98532966795,1043.740312167118,119.22437825457052,50.38304920712133,0.17889355858636666,924.5159339125474,0.0006239267203344854,287,618.3677962489886,618.3677962489886,-7766.012196154912,-1709.6851520110351,420.7453064855007,121.49650118208012,1039.1131027344893,0.0,0.1700974298992597,0.013035575551500892,0.016627792136072513
28.18321922258714,24861.50445860252,1041.5628713832766,82.02062212782903,36.19317647229778,0.28278326626296124,959.5422492554476,0.0009014868936873241,314,432.00508830551286,432.00508830551286,-13055.238184547634,-1863.6484506556972,606.9765408547366,186.98003485609985,1038.9816291602494,0.7045804805646781,0.4284117309255134,0.014922288665439636,0.0213151721819708
11.269827380645767,25203.884820550193,981.9257828786232,94.98989487630176,35.331556080963125,0.13447727111890528,886.9358880023215,0.0001912313821787184,703,503.41760650518006,503.41760650518006,-29838.44196841259,-2852.8016802110897,469.759008656737,87.71949949642499,973.1766151619171,0.5634913690322884,0.18291345196606476,0.01725760785665638,0.020414256482394075
10.315849552646348,9464.0912137214,959.1845259063588,66.8955079432613,39.280592308271096,0.3194394235861794,892.2890179630974,0.00018736712443680946,1705,605.5729914903451,605.5729914903451,-11399.837484488115,-897.4994565607426,330.82782108047616,37.57821556907879,936.4008125708212,0.5157924776323175,0.06826818228675759,0.015630484028650762,0.01669754876154895
13.610423460133513,21236.84418377468,978.155283010913,76.5687467512407,38.95168986873159,0.24936584161911746,901.5865362596722,0.00027805548592307563,897,482.2806458627998,482.2806458627998,-21194.512051225058,-1681.1522740892785,486.82220312255095,83.24304094541912,969.1028489853508,0.6805211730066757,0.18330975145183087,0.01796266614003376,0.02125539800557557
28.26330742219436,11156.189821272306,1098.4853203295875,86.4284835214218,37.015084079606574,0.24292220336981324,1012.0568368081657,0.001138700249793958,213,649.7613291760623,649.7613291760623,-5926.109360396126,-1493.7362809175029,446.36910680938524,160.9078613944332,1096.1304359854475,0.0,0.22846109372739487,0.010888828768993544,0.016600099721285823
30.77319286932408,17837.2164363762,1045.6094977063217,107.31223936797934,26.96242402198603,0.16603846791772425,938.2972583383423,0.0011738042767497452,141,527.5257660661194,527.5257660661194,-8345.943212583621,-2481.906952073211,516.4391042478561,228.33606400765848,1043.9648703139756,0.0,0.36022835546918525,0.013481702492912586,0.0183381940108593
22.440140849826165,18023.919145193646,1009.3427629957093,112.3979267784578,36.66227148522802,0.2063156437493947,896.9448362172516,0.0006909909683063362,299,510.3896114325725,510.36469513208044,-10826.27982555567,-1870.975017102682,494.9195878852058,137.5904482044245,1005.3091993177783,0.5610035212456552,0.2620156212358377,0.015497418384024407,0.019558951451735217
18.73146802783651,18348.907094129514,1068.1109524258006,99.29728844836708,50.90698270546091,0.2622298342978319,968.8136639774335,0.0004945019040163913,530,526.7276624467291,526.7276624467291,-14033.136027689934,-1686.797410515854,534.749098568066,112.76331244941616,1061.476761014795,0.4682867006959128,0.22540562889517785,0.01535673296733923,0.018818227019617637
30.07792517576881,14684.356873156361,996.9152440935201,70.71603705090996,25.089782022739417,0.20746100710610899,926.1992070426102,0.0012134446441153853,171,536.1496866011769,536.1496866011769,-6951.818255239669,-1879.765474817839,459.3585109465753,193.17026670727773,995.5081975477522,0.0,0.2919332890853381,0.014304049196317673,0.01847987732543718
10.187438945531657,20877.073689512596,1062.9500512673355,137.45128140942833,52.85139649114346,0.12470492313051704,925.4987698579072,0.00016129844275812732,773,568.55096332775,568.55096332775,-26787.364071184642,-2862.82663459569,479.62658334745765,76.76081628426084,1048.1775466752076,0.25468597363829165,0.14400773151444987,0.015308343351568011,0.01751286315087163
25.964280859845495,18070.771145437277,977.6752187139583,139.4934127302183,29.213575906654903,0.1308153436562263,838.18180598374,0.0008930897889230256,146,500.05505107209956,500.05505107209956,-8819.576482823972,-2593.1733921958394,475.29756643889857,186.79713393130748,975.3526175109981,0.649107021496136,0.30161400645572134,0.015291466444464523,0.01990358690336269
27.8564885642815,21748.11514736417,1018.2627815607127,65.87391615871212,31.77641799046878,0.15563081447934962,952.3888654020006,0.0009344561911995786,167,485.3442938315536,485.3442938315536,-11510.8351544693,-2992.8359484354423,531.7635846453167,238.32415887902187,1017.1078784768703,1.734723475976807e-15,0.3850584781129003,0.01432314590360291,0.019838394667033268
16.1806749978362,20320.26068998669,957.3695714464535,144.5948081738098,25.37009160599796,0.2733757832997912,812.7747632726437,0.0003842472164634996,711,451.53865979926724,451.53865979926724,-15256.025322655314,-1322.241604654436,492.83851917878775,88.91918273664027,944.377178978055,1.2135506248377153,0.20394028328481514,0.018626700726490846,0.02242543534931286
12.090182988031462,19847.63770130351,1005.9038291318346,84.13654896737219,39.08239397630372,0.19321355290893816,921.7672801644625,0.00022594265805880897,855,529.2280065029572,529.2280065029572,-22533.094003728525,-2031.9768986381728,466.84802843415866,78.53897672100527,996.0760349371159,0.6045091494015732,0.15763903195887052,0.016747723167555767,0.019387818035204406
26.456933638507017,16017.077718397362,970.1259278142927,118.3467924029638,27.64837037783765,0.284138759161195,851.7791354113289,0.0009572185922292232,297,493.0557968014183,493.0557968014183,-7809.073883953664,-1261.8044600548494,472.9198198009824,129.74663869342794,965.9756166024007,0.661423340962676,0.27109010377706116,0.016013991750605597,0.02035522643616227
16.438546635292553,16277.591680387879,1000.9343176008963,91.83566170948723,53.189552019625765,0.2982507842744116,909.0986558914091,0.00040962849030290146,728,526.9516306023713,526.9516306023713,-13127.040239479982,-1281.4714917698411,465.09904535693363,84.25622375839453,992.050675959305,0.8219273317646272,0.17557148623415555,0.016508934007595736,0.019407432087450913
10.785633175477491,23555.060051276203,1074.3548904256993,112.27054412029857,36.60866188200525,0.11494225810356565,962.0843463054007,0.00017461097950495315,658,553.5162448897954,553.5162448897954,-31151.399494423218,-3556.0430852946492,510.88959145208105,92.8097490367361,1064.4058363418765,0.26964082938693656,0.16997347467580295,0.015357315811404083,0.017967652141562086
10.75429226965248,18989.307144546678,962.0329408899293,122.60507139894054,49.77161272004531,0.25288785835624694,839.4278694909888,0.00018634767879954482,1357,492.7574222850433,492.7574222850433,-20976.868921008892,-1370.9227568311894,444.46268895963794,58.33630980428768,937.2201112446812,0.806571920223936,0.13055191183759468,0.018879570110536318,0.021344334083138742
30.233754966769233,15377.925855126017,992.5680297770003,121.7853233385463,49.71381273549041,0.2653890007170653,870.782706438454,0.0012095852312223776,219,499.09031193024634,499.09031193024634,-6533.382404233303,-1403.1467166512966,490.4146066765776,161.70830291303014,989.5049186068239,0.7558438741692309,0.2987981381370439,0.015304845466785757,0.01987790479673652
19.90503991398503,16734.93409405667,1011.2277678142374,62.1627072489238,25.7971855593509,0.19881098742785552,949.0650605653136,0.0005706069757092751,348,531.202303136049,531.202303136049,-12256.798266834787,-2104.3469519305004,477.2944753699343,135.9642084937708,1008.4967785059832,0.49762599784962563,0.21925821358940223,0.015534061305623095,0.01894003183728227
13.364727538734764,12213.551800464254,1033.393438949205,81.5340790789619,52.12555508492646,0.14437472464972448,951.859359870243,0.0002907836951167242,497,648.2945363313697,648.2945363313697,-12373.484577358548,-2100.5112178450054,379.26314448316475,89.28339484584922,1027.5576808145345,8.673617379884035e-16,0.11808151062203943,0.012505235656261578,0.016639127547047532
15.610399962218338,15885.496113297522,1037.7923240153136,63.65804170906602,27.526117561521353,0.14504736049002792,974.1342823062477,0.0003708308839947151,391,582.5207503475184,582.5207503475184,-15052.15547515209,-2700.8784291509933,451.9191222336709,127.29454277505454,1034.4398725811893,-8.673617379884035e-16,0.16988646630746423,0.014439757258060968,0.016892876592970504
20.05894215459452,22769.443561419015,995.1841706794359,145.43023753477308,54.73167094682505,0.1097827319957675,849.7539331446628,0.0005353359181432941,205,502.0363849627419,502.0363849627419,-14139.541100856823,-3168.446398563918,489.7044199624568,158.58121393136202,991.7408049251987,0.5014735538648625,0.29387483503154127,0.015294061505252863,0.019788601307071295
30.516384975894734,21880.19304944369,953.1736298469073,152.95819118472414,53.981747637655765,0.19577085771752747,800.2154386621831,0.0010971219167628169,178,449.1847784752869,449.1847784752869,-8490.977811200832,-1797.505209283754,501.2458594277211,174.2662454146111,950.430637903008,0.762909624397368,0.413385590505413,0.015017216331758999,0.021225117172810722
10.884689508926536,16171.936418244997,1028.2165533936015,124.21769011096518,46.057616676600105,0.3169843601366449,903.9988632826364,0.00019138708021030165,1656,525.3605538611841,525.3605538611841,-18849.002631322994,-1194.6800267978401,468.13661569818225,55.556684858215135,993.4971695593664,0.8163517131694895,0.115361988883189,0.017655790409130512,0.01969259750603254
25.394477978207632,20299.741482285986,1033.738187415286,117.70629144194942,54.050640683397916,0.1795646331989682,916.0318959733365,0.0008184309853044098,219,487.0331020972792,487.0331020972792,-10874.197866068864,-2393.4804978640673,543.8301924178356,192.8156488380007,1030.8632945151148,0.6348619494551903,0.32810774938646503,0.015044085725854209,0.019980166834941276
21.852570731500403,20747.84413502477,1009.6019667937741,118.70732078626196,48.532039780136614,0.24791211053287052,890.8946460075122,0.0006342754872209151,391,481.5494759957701,481.5494759957701,-12589.17870766589,-1650.5739453490464,522.6538368728483,129.64287137049598,1004.2033128686184,0.5463142682875112,0.28740179618359674,0.01591787072928496,0.020492695368299757
21.638176390422068,19670.2626611558,1026.4355956442903,110.9684181204688,45.89380370536233,0.28935197682504166,915.4671775238215,0.0006307696679067622,459,485.7398424814413,485.7398424814413,-12422.198290516815,-1484.2583251001772,534.6483452420689,123.90769635201525,1020.3881877235102,0.5409544097605516,0.27066787573218626,0.01601098295197409,0.020344641695969168
29.924797013023458,23786.23187488489,1067.811731681595,124.85124308420083,38.009711365082886,0.2186469720487169,942.960488597394,0.0010053886426215789,217,433.7292620883873,433.6474809289312,-11448.705648470523,-2334.1099951616266,631.3857584133948,232.32903612852357,1065.115020501782,0.7481199253255855,0.4357810620463458,0.014716337179460812,0.02113213878249124
22.922951161821224,17531.077641227195,1030.9175536551122,131.01134260512833,30.015905204746645,0.14626058732781205,899.9062110499839,0.0007186559710987131,204,524.5336048712256,524.5336048712256,-10356.07212796042,-2560.420937128992,503.17471619597086,176.970750298697,1027.7083210671965,0.0,0.2631432457669999,0.014975787606941819,0.018916564965749703
31.618046540320314,23133.87687279938,1016.1282211450209,147.6487854904127,53.13816490027367,0.24394681818308142,868.4794356546082,0.0011216666841189413,217,437.561817421541,437.561817421541,-9485.039082135168,-1770.3971276353316,575.4288313056015,193.28610282765698,1012.9906487271426,0.7904511635080068,0.4490563628493576,0.014606661414012746,0.021165875661961365
18.394196275478457,13222.056142120733,971.9690390795141,152.30033654226384,25.211733938803068,0.2978762772742544,819.6687025372503,0.0005273247596036426,565,528.5213083702473,528.5213083702473,-8496.793731772505,-977.2063856944575,431.84675751346833,80.08771484243834,960.3680658837156,0.9197098137739227,0.15987930472468584,0.01691354281206376,0.019617668277287722
13.156989803014103,9808.228970878325,1093.9828447857228,60.38469215645239,39.518418572891434,0.27301777106969166,1033.5981526292703,0.00028421584929295035,961,664.3061842092609,664.3061842092609,-11093.907597085983,-1352.066903605275,420.80113665553336,75.2590904178279,1085.1073208647942,0.0,0.1044524751512565,0.012684622344547853,0.016643613016300525
24.269632745408725,24358.449483104807,1099.1034559261823,140.27958944690306,52.6651363169085,0.17001792850640385,958.8238664792792,0.0007041244934569339,241,465.77989323369167,465.77989323369167,-14359.099800311595,-2905.488495483003,629.699618320748,215.97042165912632,1095.4795115544396,0.6067408186352166,0.3703250205106566,0.01477204734750616,0.020242506084455766
18.338457534713942,25620.06965394697,967.1407179894501,121.04064653170948,45.75011663038307,0.19993317111497177,846.1000714577406,0.0004464316196359493,448,447.9310630407804,447.9310630407804,-17705.369446646775,-1990.8314487184743,512.9924969053139,121.7692436892072,960.9235599460943,0.9169228767356967,0.2905264665631352,0.01696010939858948,0.021887470054685897
27.51924513975153,9243.816867240068,1042.3796561506847,86.2380717025822,29.747546297613788,0.14233155147652898,956.1415844481025,0.0011454278767070343,124,719.3170456529842,719.3170456529842,-4729.001447138534,-1667.3902841918919,321.64408629383456,133.44036285733216,1040.9611319468188,0.0,0.26457875174263895,0.011951476099966116,0.016614338756747712
10.528624130390929,9212.444259460852,978.8356665095579,136.37996399516624,49.66792263983296,0.14258739868525439,842.4557025143916,0.00019429126638030006,734,642.9818313228888,642.9818313228888,-9042.248462928246,-1398.7389775870593,320.62569910755155,54.12801852407176,963.6075304304403,0.26321560325977356,0.06994462372044102,0.013732981623287902,0.016679427365900057
20.317092110061566,12633.874770123884,1013.848450892778,151.81646777220777,37.38634217296372,0.20686358342472577,862.0319831205702,0.0006291609657668299,329,561.82998391463,561.82998391463,-7645.160744691855,-1450.2935374903604,445.34588930423513,108.49369116828132,1007.1758732188651,0.5079273027515392,0.1731474569282416,0.01527424528098955,0.017918942007891087
18.217990468768605,24089.62845331136,989.727397980382,93.7346208415926,43.73891310061815,0.22011082643342136,895.9927771387894,0.00044709995799776717,492,464.87472725718123,464.87472725718123,-17895.48350181469,-1959.8664309217718,519.4420745027713,120.6452314373779,984.3168017599526,0.9108995234384312,0.2747421511914234,0.016675157871648263,0.021256526616761504
21.556327168741348,18392.1963118223,1038.352159347562,110.11023475946487,33.677687498941935,0.12963995485257696,928.2419245880972,0.0006364871561740926,204,544.3228778040624,544.3228778040624,-11952.448266945701,-2956.7856844100884,491.3214069022041,178.36824583821033,1035.6442847062665,0.0,0.26352730068101043,0.014329686686498986,0.018105950338596674
19.873478254531204,19174.407390209126,1014.6579419034379,73.15827004361857,41.89284962993368,0.23158623950435858,941.4996718598193,0.000549661492693501,421,512.9668936078485,512.9668936078485,-13736.539419542318,-1851.8535470505242,497.9270325801592,122.39617748330738,1010.8939261880078,0.49683695636328074,0.2472969928998231,0.015630778211203355,0.01949622265951802
22.746309270080516,20601.675690587712,974.8737116512854,129.29419330612347,42.644712493126924,0.27610903936474873,845.5795183451619,0.0006861146840212264,402,457.4043567467216,457.4043567467216,-11445.503652579222,-1407.359261083261,511.50317702714796,125.45873631982892,968.9075337738695,1.137315463504025,0.29188319658827033,0.0166479307362498,0.02150718197612651
24.416756543363128,21158.499716197686,956.3068735484944,76.36621583731218,50.54445896151506,0.30974639176973884,879.9406577111822,0.0007690713291834305,403,450.3681099469903,450.3681099469903,-11487.21212294112,-1386.0051761636914,502.5218150317849,133.60171907911644,952.8899249787752,1.2208378271681575,0.3201435299371565,0.016407649410338905,0.021660452210536106
18.764833144343058,17017.93585775289,1068.7372639777493,159.34611621829038,46.70581668592138,0.26769910773032957,909.3911477594589,0.0005052136071076878,530,527.2498610014588,527.2498610014588,-11892.882475474878,-1427.1612752031908,530.6585966231601,103.761815195586,1057.908457624619,0.4691208286085758,0.20955347734995758,0.015615279934674363,0.018887516144778394
31.86975071892072,10333.647766916716,1031.2951373111139,118.58356666026799,39.948306110242875,0.3047154104348129,912.7115706508459,0.0014597106478607198,209,579.8721275983683,579.8721275983683,-4312.237542431217,-1090.9923981720087,448.2930544110063,153.44088072422574,1028.1651820093746,0.0,0.22551049010863414,0.013736186290334315,0.016833840392891108
28.408481803440566,17365.12548528963,1069.4307004649474,71.15777915251111,46.75298242937309,0.17044289053130013,998.2729213124363,0.0010294226878846836,166,570.4037553447112,570.4037553447112,-9212.08002082276,-2503.8549533890314,497.69273079712127,215.50417324395914,1068.0964861418324,1.734723475976807e-15,0.3346641144694857,0.012503342287561767,0.0166877622621375
22.263811438277195,13020.730477649853,963.6343499848223,102.09670577215022,35.29402757820357,0.3178763529590162,861.537644212672,0.0007466416764658816,426,534.1598895798298,534.1598895798298,-7445.184084797606,-1029.265316938616,423.82040159570295,95.86447148436002,957.9802911755328,0.55659528595693,0.19139744768450104,0.016137788765085814,0.019226520345994855
17.83813315462187,25284.900777607807,1018.7135419248161,96.79555022468088,28.47256929703389,0.20991036199246738,921.9179917001352,0.00042229228380973884,497,460.79482475412476,460.79482475412476,-20110.708486111118,-2197.087772480038,552.304048953548,127.85541597036627,1013.0988737076727,0.8919066577310931,0.28150256374639165,0.016555240639046277,0.021215583322376257
20.55401575489368,14403.10051274906,1003.6579766822508,85.22897345235992,52.554389732979566,0.3307704195285687,918.4290032298909,0.0006264138464493612,528,537.7668956024133,537.7668956024133,-9430.125313615856,-1150.9179841763896,460.0486636487135,96.92382693891886,997.8155592511268,0.5138503938723424,0.19592874202716853,0.015753274956059826,0.018839794301008725
27.383174099140188,25012.925300977313,1009.792728104166,135.894785680449,43.96899266712672,0.16431699472502645,873.897942423717,0.000864640373536989,190,444.44036973914444,444.15396696550636,-12075.826636980433,-2614.153911045231,562.7614212197672,206.08459984852357,1007.2017909589116,0.6845793524785041,0.42249979528630704,0.014826323943252178,0.021100141540247964
31.351348496455344,10039.505533982116,1061.7604768552098,156.23573270642243,54.61092670802988,0.25817613256705774,905.5247441487875,0.0014167753097115527,182,612.8108598167897,612.8108598167897,-4070.8689058210653,-1135.1962691301078,445.3198764247046,147.75485325244847,1058.1307362414943,0.0,0.22132062825249277,0.01251292884801059,0.016618510580049657
12.529545435489755,17254.707960203705,961.123202470171,107.42716845194809,34.4830141472919,0.34906257246341255,853.6960340182229,0.0002505333051916463,1393,476.5602805148425,476.5602805148425,-17195.76616811222,-1080.64020742146,461.8828457942569,60.95727550577806,938.4431263090994,1.2529545435489755,0.13660691144782472,0.019313986381819755,0.0219524104091855
30.257323354601773,9398.741655809195,999.2575170292375,75.80451211537218,34.03401672161864,0.1373775164704481,923.4530049138654,0.0013701282139831654,100,695.9495212009928,695.9495212009928,-4243.100306399355,-1660.45397351162,302.32814487616736,139.35695671137728,998.2776660771601,0.0,0.28949702092583374,0.011713796226315833,0.016602511414934937
29.04674533020468,16205.021592290776,1049.339064883644,127.84166637157097,33.185738945725305,0.2722113451794771,921.497398512073,0.001097702244605513,248,492.0072540227603,492.0072540227603,-7744.532894106242,-1577.6729138142557,553.6845690860342,178.60258250283005,1045.6918231087946,0.726168633255116,0.30087503895667295,0.01526809807049092,0.01986188767224418
27.049081859223143,16242.128345817991,1095.634070068001,115.66150086858647,52.36911652697232,0.1226340372464993,979.9725691994145,0.0009606798632996479,128,630.6367319145434,630.6367319145434,-8689.75128000096,-2840.8904287991604,463.2698896369168,200.2269934409993,1093.9066215514601,0.0,0.31288957649313714,0.010749579198854263,0.01657966473411847
31.019286503789274,9964.50276485471,1066.0990138337554,118.26732245812025,39.69793734837467,0.14870835339342728,947.8316913756352,0.0013900533335892704,107,699.6403865801678,699.6403865801678,-4422.183664759507,-1668.6733153189282,364.8496170400126,152.46191158421993,1064.4900036201805,0.0,0.3242992032620973,0.011324529495394508,0.016609605750068396
16.35598348277928,24500.133341012424,1074.2460491902093,79.4070694171956,51.262449562355876,0.2263221771549942,994.8389797730138,0.00036205244118622636,625,492.38986178018143,492.38986178018143,-22397.32256517157,-2220.4479167564177,575.8295869777205,118.67800680582303,1068.219448757902,0.4088995870694815,0.25596080728200943,0.015869937867597998,0.01993201997570371
29.96334248695517,21331.402520594478,1021.3258187636814,124.69017229171776,38.74388552313986,0.2783640907515521,896.6356464719636,0.001060217679820447,263,448.5464464305124,448.5464464305124,-9698.744204108709,-1606.9918935667886,569.3861054085819,176.83340228026424,1017.9325518390943,0.7490835621738797,0.39555471010154125,0.015070373503169136,0.021031530725337155
21.952379361869774,18954.914007471267,968.23081489336,84.96756196473251,48.34980529268094,0.27898114303935995,883.2632529286275,0.000662515001161847,421,484.8784963588452,484.8784963588452,-11414.965000850681,-1428.3179708444488,479.1016048493057,118.91402289274589,963.9801012081509,0.5488094840467445,0.26446849272676337,0.016366997995344735,0.020695553285635514
30.044406828353694,15855.020212655389,1003.1372274597991,99.7662715194713,47.911616948365065,0.13837786237247082,903.3709559403278,0.001182315159001204,117,569.5356049625462,569.5356049625462,-7107.423408870573,-2413.3105089434034,432.2793300374211,198.8037606607711,1001.8149349999674,0.0,0.32302163765661224,0.012868268137160722,0.01702499718463078
13.569405867435208,17896.267688338205,1085.9261523013224,107.51444695052794,29.295563275349608,0.31233047673358716,978.4117053507945,0.0002777321459967033,1125,520.8284671079714,520.8284671079714,-19186.14992440269,-1464.5069433938365,548.001236472343,79.67931770432313,1068.8297035803143,0.6784702933717605,0.15856050659052756,0.01665279929430939,0.019293275586565465
28.078774830628106,22551.480054755913,1077.6471992057377,138.22210051865022,50.127162720082296,0.30343605810856816,939.4250986870875,0.0009237058750738922,328,451.87298499328483,451.87298499328483,-11297.045041001567,-1609.2128578253146,621.0290225170057,172.2280859615629,1072.9020075102906,0.7019693707657031,0.39276563918967256,0.014860305964686953,0.020696923535461327
29.175508684541256,15735.67528553236,1019.346450299114,151.1279079562595,47.81669738503654,0.2861036571135578,868.2185423428546,0.0011240720475273235,255,499.1778737504122,499.12403414018024,-6866.455413397003,-1287.4782460689898,515.7101289798511,147.8809426556797,1014.8880027302633,0.7293877171135315,0.2950458151821702,0.015270563162795394,0.01977810718589994
21.077489662868647,25225.4222184332,980.1267905499828,155.03785081881753,36.136443105688244,0.12687739175966173,825.0889397311653,0.0005652770002546608,224,470.73322680539434,470.73322680539434,-14895.528000194667,-2798.530890656037,505.57453915810174,153.5214176265731,976.3077659634961,0.5269372415717156,0.33424211408962956,0.015574575448755252,0.020780254472795648
30.159425658098346,8964.173414944371,1036.2942330958579,93.34964172193183,46.25612615093878,0.2946001682241418,942.9445913739261,0.0013618909785388649,216,639.3372772921897,639.3372772921897,-4039.854719431318,-1032.0865907732893,394.2977680117257,134.92455929452,1033.6350453039154,1.734723475976807e-15,0.1943963892497721,0.011888106503201948,0.016611995017895405
12.484961004840162,18412.04527127614,1091.1071967021621,146.92958415268032,53.4719813052016,0.2998572490180623,944.1776125494819,0.000237224830401327,1264,523.6171317968772,523.6171317968772,-19637.41966266016,-1402.5593306008793,540.7589852374156,72.08681247845198,1064.3761170342927,0.6242480502420076,0.15039877065403956,0.016698714924871357,0.01921018112107427
27.296086389744765,25542.76056986067,1056.2293930026358,94.4172391838088,51.4556119162143,0.194737436679469,961.812153818827,0.0008449746396009975,230,441.10862334731456,441.0890443630052,-13625.006405017608,-2679.2856107769626,612.9428750644129,227.97610846266986,1054.0514984117274,0.6824021597436197,0.4290392951649766,0.014669985559747377,0.020964638975660713
21.347564226798955,16987.142212452472,1058.8838995934207,104.79845377540468,32.40885320614034,0.163667340431966,954.085445818016,0.0006354356155120635,258,547.0140898362635,547.0140898362635,-11439.353857541972,-2483.014667262842,508.52261579321623,168.12473535354627,1055.5367056294797,0.0,0.24159000739689038,0.014493561974334693,0.017995061718921502
18.517057165586664,25947.200449655116,1076.106282739493,117.35617893750754,47.33544748237747,0.22129932615781545,958.7501038019855,0.0004406674520427979,502,470.0070085620871,470.0070085620871,-20173.94076468172,-2209.357234517272,599.3153531283742,135.31812377473477,1069.3223616904613,0.4629264291396672,0.3018658065972146,0.0157531538394008,0.020508492329581532
31.643254949814693,10526.037505167147,951.0838550726181,88.692276163835,31.100345056864118,0.28982493214394806,862.3915789087831,0.0014652766031935734,198,543.631880845776,543.631880845776,-4276.692969875524,-1098.6986767248638,405.2501881235087,147.23739013795773,948.8820689692847,0.791081373745367,0.221704663676666,0.01533443375557977,0.018734149234032698
11.51015642493065,9087.662607214459,982.636782458572,111.84550850004459,43.63027870352137,0.3493477225348849,870.7912739585274,0.0002302701460321151,1517,605.1980332919621,605.1980332919621,-8986.832354872535,-760.3154241459606,348.9974218514459,40.015116895907,954.195455143408,0.5755078212465329,0.07313529567307663,0.01544752075015226,0.016668207237673514
13.002782113576998,20053.226744178013,1036.0398259573665,107.10057454619519,52.530295795529234,0.21948084124242057,928.9392514111713,0.0002551883535970488,860,524.8428784786914,524.8428784786914,-20845.130476004022,-1841.304655116888,498.81425943897784,82.35302442934187,1023.6571379176693,0.6501391056788495,0.1707208358686303,0.016515733846084044,0.01933531373327134
19.588640954409094,18625.82549115948,955.5262089705566,158.48831426132597,33.321258963438,0.2993886360967115,797.0378947092306,0.0005490863884639696,545,456.51107772399496,456.51107772399496,-11185.61812748216,-1137.9263096053444,488.38545165762287,98.26820987031681,944.8965293816178,0.9794320477204549,0.2271656894184403,0.01799460322872155,0.022082359676985373
10.710809665482708,18096.581729392754,987.1503387947866,72.75468654792842,36.87090004356218,0.27187459032873673,914.3956522468583,0.00018480857018948881,1471,509.89072054122664,509.89072054122664,-22949.521391754104,-1487.9524098791135,458.9260048225822,59.899311254759255,968.8167253638088,0.8033107249112029,0.1255174907386301,0.018212901343976483,0.020498939019742635
29.08602137012924,24265.464940701255,1037.5635880021905,84.27643691763646,41.95997114412423,0.22839431222124812,953.287151084554,0.0009581836361457667,238,437.52704286659133,436.3508201994012,-12180.451552651835,-2261.6325268751125,598.0381089886871,216.39536810575686,1035.5651518552784,0.7271505342532313,0.4332491840671783,0.01474566572459256,0.021173401883618923
23.597705285802945,15062.519526148077,1096.1786720016003,94.54347127967887,49.83806073353207,0.33680358186492787,1001.6352007219214,0.00077274591674305,436,529.065814448669,529.065814448669,-9451.461849173078,-1402.627585179775,561.9537559380665,140.04230498310915,1091.0195703867355,0.5899426321450737,0.23365116682736162,0.015041115721415865,0.018555489960110055
15.12397876261122,12844.665687097102,1085.512838383021,150.60311541025726,33.45621307570184,0.3362554397578317,934.9097229727638,0.0003582185180414518,939,570.3301976434515,570.3301976434515,-11157.483440389942,-1083.8736293487916,495.1046198268863,71.61915884814266,1065.4348174703377,0.37809946906528036,0.13190681307796134,0.015354228311605121,0.01737955563546036
18.474588802210477,8445.0240191083,1043.7950854451162,118.99464176748324,31.530334905815035,0.2763038610944509,924.800443677633,0.0005573926915577752,496,642.7592623029354,642.7592623029354,-5858.276034313854,-1020.1630245145583,392.4858595831349,86.69526780854937,1035.2451218860704,0.0,0.11254006795423689,0.012806242638416534,0.01665334828951608
21.414745752198804,18184.017787179866,973.4030339937293,104.86461717558828,32.96452207980259,0.2160548311168268,868.5384168181411,0.0006415025281121377,337,503.6405908689585,503.6405908689585,-11144.482114961713,-1687.885579351565,465.4861449788839,121.66521782727807,969.1267358478424,0.5353686438049707,0.2509884791455967,0.016026001453506647,0.020048343185107405
30.46394224096898,20923.10155946544,959.9574021227104,78.0595327059444,50.85140028286491,0.1890636430944555,881.897869416766,0.001110401454242392,170,458.070004290232,458.070004290232,-9148.389556764607,-2245.2285877818977,500.52683701966936,212.43169028728613,958.5968413099014,0.7615985560242254,0.39719222280606503,0.015002105149045552,0.02096082463996527
26.124178752772426,16125.815034561132,985.2848591111816,139.12893374326478,42.17484107366376,0.22083713646749908,846.1559253679168,0.0009316938440485877,237,508.03479995017096,508.03479995017096,-7712.971991105547,-1531.2663321518626,473.3496127882614,139.28409165350888,981.3844127384324,0.6531044688193096,0.2725124625458648,0.015495584350890155,0.019718324200938397
13.849554833632858,8673.305417284677,1054.8719277393238,106.19875877059832,31.732235923022362,0.3439956911004587,948.6731689687256,0.0003214142467725512,1070,623.2834171899764,623.2834171899764,-8123.8050934395615,-946.1390551584311,414.1768035865522,63.494352287072616,1037.4602207765286,0.3462388708408218,0.08525237139240513,0.014063321406721813,0.016661140909675135
27.190508940711375,8997.775543050926,975.5538227727029,126.14388944653686,34.58032714630058,0.19171128958526557,849.4099333261661,0.0011488788778309539,167,618.1017233798455,618.1017233798455,-4008.2766352706617,-1205.591928097728,354.62843833715976,119.51951077963645,972.7301617170052,0.0,0.17286770863133744,0.013264475038472338,0.01662758431900076
16.086567399965222,8021.037227881321,1001.8612394287369,146.77765102339,49.48639774054112,0.10022498438129034,855.0835884053469,0.0004380540667594168,229,705.6755694572655,705.6755694572655,-5420.717345878963,-1489.3978014904376,291.22414729311174,71.83547596580138,996.8997167503773,0.0,0.13518585204442465,0.0133021523845018,0.016671305087510427
10.066677486035978,8794.111242771216,1063.5733260196716,114.07078417456191,53.295344533457076,0.12048149641076435,949.5025418451097,0.0001739197155583865,693,746.4819817785958,746.4819817785958,-10454.809395673241,-1684.4494035329283,304.9577771092395,54.87817494985143,1051.4397588878353,0.0,0.0909243874814082,0.01371055138205645,0.016674772005748868
27.263584145958795,21657.055639981663,998.909858722306,148.70287310865731,37.78968635482973,0.16742222412346025,850.2069856136487,0.0009081271435420349,184,464.04574004113675,464.04574004113675,-10196.730657488968,-2311.02267619049,531.963940531577,187.1692441340553,996.0096805727138,0.6815896036489709,0.36949879461738516,0.01514716158887155,0.020744019537834342
24.318442385638694,18319.011919559052,1031.1936756653045,63.379331291302606,40.60813082608473,0.24579967276502587,967.8143443740018,0.0007848120101752097,313,499.81114570685094,499.81114570685094,-11095.487655024757,-1905.1924126157166,529.0623865687749,162.74303703131176,1028.8735322756258,0.6079610596409664,0.28631360835691255,0.015325721229594505,0.01971368377551185
24.04765715065394,16856.074483878405,976.0325789260733,112.05026190757019,47.2162923466353,0.3164478778194396,863.9823170185031,0.0007996075518827984,396,490.3599436493558,490.3599436493558,-8964.25556430586,-1179.942385010856,480.3582675411039,117.41615930905601,970.7182111904597,0.601191428766348,0.2587559007393583,0.016280930002768788,0.020493716710509667
22.406064468435318,14722.426710063002,974.4748694996458,80.44737258702565,39.596377251320206,0.26043966451169,894.0274969126201,0.0007319280102277326,356,532.3972063224182,532.3972063224182,-8791.097279214811,-1387.8624793852655,438.4621550164437,113.19347051617706,970.859361338862,0.5601516117108833,0.21740947929467128,0.01568286935224605,0.019092473811964224
26.080340266246687,17549.739665879715,951.289719983874,74.66816662532058,28.991910877110385,0.10341686974761741,876.6215533585533,0.000912793596440457,113,552.5593706207945,552.5593706207945,-9070.020144203978,-3141.7912418165097,397.7652582560519,192.84755870309039,950.3246288768464,0.0,0.3062068976005879,0.013762626899634997,0.017976838185406626
29.80412782706832,23088.533738694474,1032.3114773599536,84.77421244646725,30.217570160426476,0.24895247991831712,947.5372649134864,0.0010171440736735343,245,438.5953915172556,436.24055994111274,-11375.602317842304,-2042.3004200985479,591.6265003283122,207.13767071599773,1030.2218918455678,0.7451031956767079,0.42277671482079987,0.014879269868773956,0.021248811155097753
15.380476117423491,11745.943359139881,984.7207631917277,65.31611285704858,49.61811049799327,0.23527024547858352,919.4046503346791,0.00038528224568747284,611,591.2070528286013,591.2070528286013,-10166.151071482522,-1394.1682583000154,387.8510439325306,78.32294783077793,979.0580967611319,0.3845119029355871,0.12475581068346965,0.015083137656124996,0.01696484672206524
10.945390107265785,12329.243447218822,1099.8282876085584,114.57680528460716,53.70325210915671,0.3394227440702327,985.2514823239512,0.00019563301618487388,1735,596.7639358930641,596.7639358930641,-15106.890993132207,-1144.5518495513977,466.80008942045276,51.33670062018905,1063.5640253135168,0.5472695053632898,0.09358730585858709,0.014882217384264105,0.016659224583619438
20.016018357720124,25877.745817762036,1072.0650422264903,72.33525876436134,32.70767008918561,0.2085084730336208,999.7297834621289,0.0005030846634762085,414,471.9263676581809,471.9263676581809,-19963.990132309573,-2534.141011133417,596.775727203174,155.08951628198406,1068.702094861355,0.5004004589430032,0.32588512549898746,0.015334777664722559,0.02033215360848974
28.787018577641337,17469.401313516893,1064.0801286954354,136.53826743613644,41.90008857594411,0.30187814045124983,927.5418612592989,0.0010529613996144275,287,485.26705479010917,485.10550276004903,-8408.99427323873,-1463.5172768967323,574.3857322632491,166.50423738996693,1059.6527870533582,0.719675464441032,0.3197881964666425,0.015115355329609078,0.01995493631139076
13.481085517588307,11852.12426147807,1022.4702439625045,140.62587249274065,26.333561004434713,0.30594540421952143,881.8443714697638,0.00029802414377153296,1027,574.1867547007713,574.1867547007713,-10781.527110680923,-1005.1844904452278,427.13315869043004,59.115898166435954,1001.3199133912013,0.6740542758794151,0.10885561800623383,0.0159146053028384,0.017646999498404158
29.206593702124454,17685.02741159473,1053.9887589393752,108.35446001060768,46.915324728782196,0.18415002230599264,945.6342989287675,0.0010767148282150815,171,527.2968613236376,527.2968613236376,-8574.501171670496,-2272.1130049153553,524.6299867212188,213.04849171856324,1051.9268480448563,-1.734723475976807e-15,0.3389217502751835,0.013735897789196157,0.01839129230951154
14.728962615459936,13503.23977110575,997.4293663996783,87.73387894159467,49.22826979121595,0.19669861976570405,909.6954874580837,0.00034705400028891414,567,581.8351972872204,581.8351972872204,-12008.468644739945,-1666.129313747969,408.6384952526313,82.31641157196225,990.4736925398516,0.36822406538649866,0.1362537778180383,0.01520834709280396,0.01728054183856648
26.562780336118085,19949.625638946833,1021.9864864220954,130.3406899109685,50.80096212660458,0.1076087189045765,891.6457965111268,0.0008899204661828317,121,539.2712058110877,539.2712058110877,-9950.44007858421,-3272.412322970469,480.986114161556,211.64549553712231,1020.2573199726437,0.0,0.35079510914910805,0.013353071940062005,0.01803726426875195
21.67960887604267,21073.400196820185,1028.296870914938,154.21060765047548,45.03890229802195,0.11356199362743448,874.0862632644624,0.0006204303011199362,183,505.9321507559197,505.9321507559197,-12573.746295158977,-3242.5416730495253,519.1017253950002,185.3939739666581,1025.03387615092,0.5419902219010678,0.2948650986751023,0.015050329774595233,0.019488146748674086
18.636364038946716,20125.20768350082,964.0790388289165,111.05947207607664,46.317508628871835,0.18030397080025728,853.0195667528399,0.0004919845622061168,366,504.06506777124457,504.06506777124457,-13664.790230609491,-1937.9217684607966,455.0473150701971,113.17358221797235,959.1123828414417,0.4659091009736674,0.24175752083987956,0.016214157279027273,0.020134051745312794
26.77970392047292,15978.630131436897,1007.303264716047,158.09450029747168,41.22808808214562,0.271564434889611,849.2087644185754,0.0009697134217667486,280,501.6477526885072,501.6477526885072,-7451.257550621215,-1280.0579013806428,500.4280649778263,132.60762373423842,1002.0758176663335,0.669492598011823,0.275491925351188,0.015555968270183369,0.019841511919638174
13.805654333013154,21002.365342112927,1077.191861746199,145.65596519140576,33.41162462920096,0.2956764710689973,931.5358965547932,0.00027860876356053784,1061,483.4449052625346,483.4449052625346,-20871.87518843255,-1515.8493988583323,573.1346815978907,85.44491206994235,1056.5795868604253,0.6902827166506577,0.18404811103391025,0.017452538428829056,0.020664645159401772
16.21939136192369,14437.060451554526,1076.296238794148,126.44652718401002,44.6620981894371,0.23794185631634182,949.8497116101379,0.000400558196360723,594,568.0011884350464,568.0011884350464,-12130.196138273208,-1604.8670017202335,498.0366842384825,96.24683458683648,1066.037872673529,0.4054847840480923,0.1586429119253124,0.015019127808955476,0.017401805979146607
14.96243483281609,14977.049567564689,1031.8130525692134,156.92368377170808,48.22927863644459,0.16478113201517802,874.8893687975053,0.00034809407927981933,473,571.3334551398393,571.3334551398393,-12208.599409391121,-1843.6603709155333,450.29284032584485,89.54230230261828,1021.6262954656842,0.37406087082040174,0.15220157945759602,0.015204119693260045,0.01751821072483656
31.915016847723656,16066.8724935116,1040.3962869986185,132.6460238531451,49.42947792632223,0.3310179442828277,907.7502631454734,0.001292969583031946,256,485.45093224257914,485.4493666659234,-6760.790338525281,-1275.8279722800507,551.1444822010764,170.01629062734492,1036.5954144436555,0.7978754211930925,0.32619443435804385,0.015095160562934907,0.020019174945587116
27.199207256689128,11118.91333006864,1046.3446353983745,159.923710802225,27.898986943589794,0.10614602159335887,886.4209245961495,0.0010804418215490028,98,664.9620684382159,664.9620684382159,-5254.564232600938,-2091.5371854726336,379.3817354618651,145.82473067560807,1044.343803900081,0.0,0.24569034936751852,0.011286237519449498,0.016622547196961025
24.258988874080323,16693.496175628054,988.9313574391348,97.93311561076963,49.073548030325554,0.205832920835864,890.9982418283652,0.0008111398728096645,254,514.9860904551772,514.9860904551772,-9100.536693040183,-1825.0401075144932,470.96866426762904,148.60346656248453,985.9547547228062,0.6064747218520079,0.26330724525400234,0.015412973552305507,0.019471321159535867
19.197398123443612,13877.193008431736,1055.1125816501842,138.94515418826646,27.772580113198263,0.10949090695742722,916.1674274619178,0.0005511842176825847,199,629.3762085571175,629.3762085571175,-9694.57991505525,-2614.664676183013,422.0763976757944,136.84161440279445,1051.4526062329119,0.0,0.1896297648376751,0.012297205565977685,0.01662664373181075
30.312444923683458,12531.758992961892,1033.9729229697027,106.64552354200639,36.04267265867449,0.18834113478166947,927.3273994276964,0.0012738250800759178,148,599.5924767999231,599.5924767999231,-5708.740010286063,-1738.4059927273404,432.4638645491748,175.32308528109286,1032.056341349098,0.0,0.2640223091369689,0.012529823101517349,0.01658868962474769
13.3140191245271,25141.691301448882,986.2533254496203,97.81859353845422,35.751274955372885,0.11158166118893582,888.4347319111661,0.0002568857432147186,434,516.0580254353141,516.0580254353141,-25355.174635952073,-3340.0485121404145,464.84467005695944,107.72568730198293,980.9026954922736,0.33285047811317753,0.21761007211903505,0.01616761911957845,0.019685855882183006
29.850487378202722,8077.397493040916,1009.1540120466307,154.01145944525342,33.592538613577986,0.34000122124538484,855.1425526013772,0.0013756572253481583,247,588.8742737224759,588.8742737224759,-3231.577999874138,-783.6321478684793,415.1472100775567,117.74025933927828,1004.0214838000326,0.0,0.1665017625294306,0.014392416675451816,0.01678877941897251
19.07943208109331,11940.536752883343,974.5080233171292,111.49039982493684,49.00385678185374,0.33351341192276895,863.0176234921923,0.0005732950222979192,582,556.0619219051123,556.0619219051123,-7679.200213654821,-919.9718719153371,409.58974554635483,77.12966915939114,965.6516674514671,0.47698580202733265,0.15302210020623255,0.016012204262643416,0.018462425387844303
23.540838781104164,19065.524474483413,1042.6166531422923,137.05441438087914,48.07718763463062,0.28035208950912244,905.5622387614131,0.0007326538369702845,383,490.63873800395714,490.63873800395714,-10847.017222953467,-1478.667171651429,545.8363563746504,132.8770212381042,1036.4750943786075,0.5885209695276044,0.28646958111137044,0.015558131621424083,0.020015063069889007
26.271048967246863,15114.368216270195,987.7413822517918,128.2151896535932,38.500030498174276,0.11333021541828885,859.5261925981986,0.0009570964940653709,118,572.9826588555048,572.9826588555048,-7334.869079116685,-2537.1893500551105,412.9505933124949,172.0556858356133,985.9332521679997,0.0,0.2700276987367326,0.013501486735291116,0.0171472621279463
19.0507616582966,12689.775670973206,1037.4850022913536,134.56836833602404,46.86579999482195,0.11058827235495247,902.9166339553295,0.0005555677315508443,199,645.3277336363416,645.3277336363416,-8534.144716166944,-2329.8987882255456,388.5480368840614,123.14642504727124,1033.875770520403,0.0,0.17442421264652683,0.011890387486041798,0.01663201975931419
31.94994322755589,25649.081531120402,996.3514263929966,108.63206047131769,47.67184322282074,0.3354658719928587,887.7193659216789,0.0010954981534263076,306,398.1130581819925,398.1130581819925,-10828.533770433723,-1460.5415887960396,595.1354406772048,186.08820731545597,993.2484988591973,0.7987485806888982,0.48928638578932404,0.01495463111673995,0.0222717285266622
31.498882779524685,14645.846254778186,1085.1696039742826,159.15235229842708,31.98776864336205,0.22957867218621378,926.0172516758555,0.001288304765747817,178,534.9950097279299,534.9950097279299,-6419.2346279082785,-1705.151006696488,546.8993661553153,199.82395582084325,1081.8943758832452,0.0,0.3046569426664961,0.013884267478015513,0.01811420595903158
22.06382371635742,8323.325532436138,963.0462810143287,89.13855918636584,47.185819942519714,0.24190905111698816,873.9077218279629,0.0007963575215831325,304,626.1791274171183,626.1791274171183,-4632.600484417506,-1023.2799591331145,333.0443585715153,94.09488049227195,959.2234859886336,-1.734723475976807e-15,0.13067570049967855,0.01359708262066814,0.016634222103810922
22.30810512564814,11876.049475617205,960.7605766479961,153.02078425272487,53.692321106652614,0.10634304638485446,807.7397923952713,0.0007651460565275653,139,597.71266848335,597.71266848335,-5972.489310203308,-1974.7687256217698,360.24449145753283,120.93045961018743,957.9571599408828,0.0,0.18389858668547004,0.013973360922612928,0.016629529261212608
30.197908613178825,24742.598566803135,992.1205303560829,139.2772698186572,26.39214872513329,0.17166174621325875,852.8432605374257,0.0010189235853640607,168,426.95129340390065,426.39243562754837,-10815.896853714436,-2487.9895502976997,562.9097542567259,218.55081404642863,989.8610476606266,0.7549477153294716,0.4552171449852991,0.014822257262700788,0.02158808430952606
17.5442419436391,15802.57939810156,951.5506844519319,104.17170104870821,54.89496192394393,0.23725325885687262,847.3789834032237,0.00046974183643434174,505,529.8937893040298,529.8937893040298,-11016.471838525276,-1338.3597199768376,414.7549988825806,86.85638923215652,944.6487881866104,0.8772120971819539,0.18233585632908042,0.01651039054421726,0.01952082674242467
20.807237815952206,9513.711748826829,1024.169886278609,85.11942240829278,51.62130773489877,0.246590284099221,939.0504638703163,0.0006874304711989653,359,640.0013631013976,640.0013631013976,-6101.248199238703,-1211.7674246693493,379.89552132526524,103.65095556148549,1019.8968844266628,0.0,0.1423722303422602,0.012576945382076451,0.016629583070248675
16.76613177397769,22020.475632048678,983.9679544817043,67.34490095485386,37.67471376502729,0.13215853001171485,916.6230535268504,0.0003975426342517564,332,520.1428526353759,520.1334593645774,-18362.42254380244,-3003.9984888976874,461.079224142454,128.7443336563016,981.2220767778299,0.4191532943494426,0.24081816974905162,0.01563714556989501,0.019403229216600718
16.906023467543896,23458.699971763323,1047.0709672647517,109.02081668382309,27.219319728247655,0.3228007428534494,938.0501505809286,0.0003906655038806002,826,442.7633624823268,442.7633624823268,-19890.023514796925,-1534.870120038402,593.3368778322954,106.28569297950332,1036.1002403146222,0.8453011733771942,0.2443761375911526,0.0176282561886196,0.021936181348461793
28.659684646428268,12511.812481416495,1087.7334117990574,100.79311775805175,51.2469646407699,0.1176879635045806,986.9402940410057,0.0011397500321478921,103,706.032867720063,706.032867720063,-6311.58542049583,-2392.855002673832,380.4270609916505,173.1799541614564,1086.4599287117135,0.0,0.3748247791722396,0.010905634821646179,0.01659345671157806
19.234120935418762,25351.687780416996,1087.0522837172841,113.52968654653802,40.13452282459312,0.2610212689447106,973.5225971707462,0.0004720954542203604,553,459.50087940542795,459.50087940542795,-19446.077439001438,-1968.9129645828868,620.3438760195515,135.48842436593037,1079.8447554249794,0.48085302338546876,0.30404850274544953,0.01595745976457936,0.020809301513620468
22.629356272130167,19085.813384535373,1088.8362215271438,77.63165214602941,34.501037838020665,0.3345424667387121,1011.2045693811144,0.000676433869028987,495,495.6836604704764,495.6836604704764,-13016.687415920938,-1539.627788201456,588.5823125826684,135.9524507336787,1084.2659730531448,0.5657339068032545,0.2767009795815404,0.015385500817434616,0.019642683964971364
18.072928558155887,15092.177120391465,986.6887863132016,125.37572083322328,27.345775955216148,0.30134399256897965,861.3130654799784,0.0004954420890197562,608,516.458616885293,516.458616885293,-10632.478623082852,-1144.8256604314397,460.16984119957567,87.58021201823135,976.6284580848687,0.9036464279077953,0.17759726786520097,0.01690757664117571,0.019910316058870007
28.348367208517757,16336.677490448108,1080.230123609227,72.0415272777606,29.785353204674806,0.11587945756218034,1008.1885963314663,0.0010422662267454011,111,645.2316967177741,645.2316967177741,-8904.585498573622,-3137.2809504845254,434.0832490448314,215.768187846125,1079.3149457626055,0.0,0.3338356881792042,0.010077704315261145,0.016563735447880965
30.798723989228893,20459.054292658468,1024.9303484868417,100.2151759134964,40.40259261577426,0.3487118500690123,924.7151725733453,0.0011248745773212248,310,446.9246791035387,446.9246791035387,-9351.059031114972,-1370.1613383641125,574.7691195445423,170.835573775951,1021.693798648081,0.7699680997307213,0.38954035706712875,0.015178805861763206,0.02109156331700707
25.314707369793204,22242.959832036155,983.1516874663998,151.37627789085766,37.32628787092873,0.32809552891411653,831.7754095755422,0.0007989260277010386,411,419.2125363399684,419.2125363399684,-11018.188505126642,-1256.4399912808892,557.2091505776943,136.92182039184553,976.4216869176627,1.265735368489661,0.3412651956303291,0.01676247571922681,0.02248292527479739
24.87514765410379,12735.761321987387,1083.9332665877655,149.02338661645967,26.21987915189233,0.23900917138616778,934.9098799713058,0.0008855103607506798,270,566.1074071967071,566.1074071967071,-7046.607995549992,-1542.5399237479414,512.6718417914226,153.22922807401233,1078.7792489881297,0.0,0.21441046415124657,0.014185240767657837,0.01722670482474854
19.467703447336362,9288.066277026353,1053.4365272280195,97.12831614099045,45.05073177189159,0.126372458924003,956.308211087029,0.0006047964010098824,209,732.5544623073171,732.5544623073171,-6443.2120031390095,-1770.169428318019,318.0126344264587,101.58065591831087,1050.5670967337758,0.0,0.1868825420514347,0.012677351070502853,0.016638813069762563
30.327347848999086,16849.850451041166,1054.4539224994776,83.39407645117116,32.531014033675916,0.11253154984013372,971.0598460483064,0.001164353506605977,97,619.3777283361428,619.3777283361428,-8246.909240496723,-3113.8213796957775,434.18149695395573,223.44481462177976,1053.5592252900985,1.734723475976807e-15,0.3605544804336365,0.010761494734766371,0.016556395108119903
30.615293445298136,11016.578477815876,1095.0626212556153,141.83743261269564,30.276950958764928,0.17848228088004645,953.2251886429196,0.001318086474950725,135,658.4432607803874,658.4432607803874,-5032.164668917099,-1656.621077232726,434.22191892964884,166.85661357919105,1092.6651797100362,-1.734723475976807e-15,0.26287950692333906,0.010838107355361936,0.016609577666202854
10.406315630781085,24822.539760138916,1094.5283605215834,64.48374254887116,31.167577591470618,0.14342381743539342,1030.0446179727123,0.00016100437492144523,891,541.2356101762853,541.2356101762853,-37516.16133397728,-3407.405494157429,545.4401245073818,90.63532668474545,1086.675734683667,0.26015789076952717,0.171174171597999,0.015668113655138576,0.01835009003056022
23.32413110529408,19535.133955875423,995.8456632250186,123.47472271520343,49.18922146448349,0.2807208752733515,872.3709405098152,0.0007238985296977731,388,476.418725753017,476.418725753017,-10833.51479988115,-1409.7216073691754,513.8702164720528,127.43845443747358,990.2889422250697,0.5831032776323526,0.2877837761086635,0.016108832684635383,0.020744693383322414
22.041414757510232,15396.742967787648,1013.6888810393785,108.01953177797591,40.38130390798534,0.14398082011698754,905.6693492614027,0.0006965888215104689,207,565.3889751345713,565.3889751345713,-9383.107323237757,-2359.880737263322,445.4981648609478,156.45249693403684,1010.8871399955191,0.0,0.22940264785005443,0.014238838689202771,0.017505265986815684
12.258310960526536,16094.541711341699,1088.5670932461423,104.42525695628854,53.39918714450536,0.2912649942906834,984.1418362898538,0.00023440018843488223,1243,560.460622520159,560.460622520159,-18460.244277110887,-1454.1530631994303,508.54818204280946,68.22511128847236,1069.0088045629684,0.6129155480263269,0.132834550126616,0.01568633214111602,0.01777001901421784
18.000088667574836,14518.293219377247,990.5327270323704,140.01553212439907,43.58312551468078,0.2830787672173264,850.5171949079713,0.0004952984693582889,572,532.1538442561063,532.1538442561063,-9814.353169238519,-1123.7250239790046,447.71710843859535,84.42727392274696,979.8709526947016,0.900004433378742,0.1722118254039045,0.016453105325708386,0.01928652462741133
21.197677046995796,14561.98100993568,1012.6945119371383,117.98101545753016,36.26703429020418,0.15009128375373718,894.7134964796081,0.0006588936736260492,228,565.9034793849264,565.9034793849264,-9072.198769948916,-2188.743427823795,443.34207715867547,145.39997136042416,1009.2455565436019,0.0,0.20878088739411005,0.01454257246955467,0.01757878365474145
18.845431724084378,19750.51173868445,982.9486850373837,152.59106430359088,43.422659326987976,0.12545038036334644,830.3576207337928,0.0005019879697026175,250,521.0788290210041,521.0788290210041,-12745.499899211729,-2464.4319017924545,457.1992407143423,124.51685531967917,978.2780697353464,0.4711357931021093,0.24301297229285238,0.0155963770467541,0.019386498989885835
12.314589817676618,8092.518250060945,1094.037434403716,86.50590313259394,41.276725000141546,0.34789688604273616,1007.5315312711219,0.0002551726763658414,1363,670.9728081623186,670.9728081623186,-8968.027495090879,-967.6779091138759,403.1983111267607,58.98637578800731,1074.1711192890793,0.0,0.08438588751587527,0.013035694000615832,0.016661686683434217
14.360269392154557,13598.29171574683,985.6855782271817,134.13834323477315,34.052339811274564,0.21241857517149557,851.5472349924086,0.0003323024266578276,639,566.3129482187396,566.3129482187396,-11427.104317114803,-1343.2825036188458,407.3598425146605,70.09044622421652,973.6727907334001,0.35900673480386386,0.13215053699623533,0.015964404108087867,0.018074108683796584
17.11482276001511,12087.174834790363,1072.8397635819688,112.72066350665176,45.73342628381704,0.3093139887341424,960.119100075317,0.000455646475687614,679,580.0494254519059,580.0494254519059,-9660.599070261103,-1228.4724725832311,482.10942781842084,89.01474260957798,1062.1588532703267,0.4278705690003784,0.14157994018669745,0.014860399685227253,0.016964334183812147
23.083154622329687,17031.868837023918,963.4245516650099,133.45746891461772,41.46444186009029,0.11097647970080576,829.9670827503921,0.0007455981323894944,149,529.0229974116296,529.0229974116296,-9048.202325294797,-2708.9109726337297,432.01463599126305,164.23429128043279,961.0376334028927,0.5770788655582431,0.2583358472266468,0.015168389997817546,0.019086928878967936
14.053452372994078,8251.026612959276,1057.2101267320597,130.72111194876635,31.086469465240242,0.33405298500971814,926.4890147832934,0.00033200238860452586,1006,628.2257885299877,628.2257885299877,-7173.413427273042,-893.0186363342212,409.0269523353876,63.79332797148345,1037.2527408653752,0.35133630932485205,0.08265327353761577,0.013876229756042637,0.016670659770426144
31.554053402385396,8590.028685948915,1014.9171872349222,73.75763683138295,34.140479024766684,0.2740862468599338,941.1595504035392,0.0014982553955270733,183,651.1034516370328,651.1034516370328,-3771.61117223964,-1057.901082098869,362.0389256015243,136.99604017043396,1013.1423772385571,0.0,0.2022665407915867,0.011562091136791984,0.01660570499951894
13.280136252372348,10606.133677859885,1079.5777757480028,103.34267547902289,42.47866021891678,0.3075412061195205,976.2351002689799,0.0002883363916681528,1067,610.3864419393396,610.3864419393396,-10845.427576194495,-1189.1525952038546,452.51685024426456,68.39076473392242,1062.9032921836042,0.33200340630930825,0.09882091718595809,0.014300697811629766,0.016653558309019007
31.00639505832539,19818.71127117873,1046.8196577806216,132.0398297378364,31.907847087951712,0.17330965930066666,914.7798280427852,0.0011458132241934068,151,483.15630287237246,483.15630287237246,-8921.66749606289,-2494.677039129219,561.5781520670514,237.91288702766616,1044.7344549394238,1.734723475976807e-15,0.3900316011784978,0.014237654360118068,0.019790789487220937
28.19484674131825,20588.703838016103,1039.9241655918295,130.6378293464428,44.05019921224488,0.2858068068377838,909.2863362453867,0.0009682466633764288,295,463.1506413462982,463.1506413462982,-9982.82655516822,-1561.9205794262402,572.6317928411042,164.77623313809232,1035.7824341874025,0.704871168532956,0.36307610052309214,0.0151263574328705,0.02061837630471561
22.949676372797704,13110.815166935285,1026.0662298889345,60.214713813346364,26.807078275746342,0.16992341997089327,965.851516075588,0.0007730886994238506,220,613.928841476795,613.928841476795,-8395.502308355877,-2069.1655719398736,410.42980320059974,151.40251930361705,1024.3586446773948,0.0,0.2115293186351763,0.012697420452550333,0.016594702902271642
23.16330309738273,9152.044145328702,1050.6615353401692,125.81270211148048,32.39069306229479,0.154445104453142,924.8488332286887,0.0008367217379056589,185,691.8178509834355,691.8178509834355,-5190.6932655942965,-1505.4311056962724,355.6363086807386,114.50658119451248,1047.454159664174,0.0,0.20881638690952325,0.012185498893194638,0.016638194676514628
22.610758109734157,17088.29260393615,1037.020993436292,156.11464954177438,43.75088846512632,0.12084818041319567,880.9063438945176,0.000705801649476277,171,553.0443679581613,553.0443679581613,-9742.905187920336,-2716.5160326935193,480.74083354228014,170.29105178755526,1033.7852015004414,1.734723475976807e-15,0.2586067165610239,0.014141354821953203,0.017798404160182926
31.224772386314672,11398.552270913115,980.3497987777182,75.88489215448247,29.995190449999278,0.34242143330056896,904.4649066232357,0.001392596897898353,246,530.2558192666498,530.2558192666498,-4976.927714231236,-1092.3298437270196,447.78508256126906,152.80821028328728,978.0409018279189,0.7806193096578669,0.23441470782721885,0.015439630639495492,0.019058907144813002
15.093856582413467,15151.875973843487,1034.7533522310378,151.88800257705702,54.11446192324891,0.3229230895660236,882.8653496539807,0.00035265621673760027,916,534.0072806966509,534.0072806966509,-12332.000309797932,-1079.9452900116348,481.60083191840147,72.97799807201011,1015.6081126150524,0.7546928291206736,0.15090143984874146,0.016589545595048185,0.0190929319117773
13.6418062430137,17658.794552821146,965.0332485997858,63.2725536182702,48.74978181892426,0.25062198575934963,901.7606949815156,0.00029072610976248387,862,521.3962536511998,521.3962536511998,-17320.1041246463,-1517.7792354043136,436.1853375880048,75.14329520364538,957.5815912392046,0.6820903121506844,0.1573644229128485,0.01722574932523759,0.01993646942704499
12.825642783301204,17352.28007938415,1051.3771217067367,99.9710371853696,36.49711536641668,0.3153831062722029,951.4060845213671,0.00025438981503100655,1240,520.137992649222,520.137992649222,-18949.164827325654,-1367.1807113881364,512.9289079222981,71.36971228553125,1033.0669005715201,0.6412821391650596,0.14525038689749667,0.017099586507246644,0.01958330806321143
13.750009600114751,15894.077765877737,956.7141752901869,94.28528023869825,38.840248526617756,0.18207214342628064,862.4288950514886,0.00030146428259435903,604,553.040569709308,553.040569709308,-14599.887671962082,-1699.147647997519,395.8480656984415,75.19596169129193,948.8886354077495,0.687500480005738,0.14630334807479398,0.01633324624001635,0.01872285484986078
23.65637418310414,15989.002334895871,1085.3380306297788,110.76865774211629,33.02224948770301,0.3028774586222349,974.5693728876626,0.0007669607950663271,395,517.4424086518653,517.4424086518653,-9898.78666099307,-1508.921265866568,562.5110627518319,141.72298059903653,1079.9534714036972,0.5914093545776045,0.2464166939054573,0.015243683287513257,0.018999981326164147
12.084342196980169,8512.046161413411,1096.809623063045,68.84621015069581,46.00416598577503,0.30556275307620506,1027.9634129123492,0.0002447706324458352,1248,686.6756500874193,686.6756500874193,-10037.477570892801,-1117.2408876883433,395.83216762934705,61.373961045132205,1082.5078177167663,8.673617379884035e-16,0.09741877511661054,0.013069560454704981,0.016654791419243913
25.18263124956922,14767.498876907528,1078.9990959388037,135.65623814735898,33.64452563371496,0.24454360272784045,943.3428577914448,0.0008745479117175548,280,528.8021032495963,528.8021032495963,-8216.672138953292,-1692.877742838246,545.515167611572,167.81508428716575,1074.3172708611683,0.6295657812392299,0.24442693821629097,0.014956279832657644,0.018611997519260213
31.070437579002157,13768.961875786721,1005.3023377983499,144.73496445427588,27.59267819127215,0.2988550409991049,860.567373344074,0.0013056233565110864,229,503.4481923044577,503.4481923044577,-5707.8810986062645,-1194.4274729074918,497.94664443078165,151.9696745603091,1001.3948367352393,0.7767609394750529,0.2759325862604804,0.015500697895427833,0.019777845554555622
16.513657262964955,13969.610199539846,1016.4298528448668,114.44489990764318,44.336287723239096,0.17257838743617182,901.9849529372236,0.00042340145383238433,408,574.0915714664878,574.0915714664878,-10981.101499528697,-1898.1046036297644,435.9701817529939,104.28632392066174,1010.0617532194817,0.41284143157412423,0.15705788641459484,0.015071962603604234,0.01743913319424613
16.608802698754882,24149.13343908762,1020.965248730372,139.53202768171562,38.41614120191683,0.23575215096396607,881.4332210486564,0.0003785316650271813,623,457.78907063930393,457.78907063930393,-19151.727760834983,-1796.4327024647964,552.6789895644677,109.13967228057692,1010.4680602037715,0.8304401349377442,0.24980891224564167,0.0172146577822772,0.021515032717548836
16.649569889223013,14255.49465076989,1012.140162484536,70.1479794727546,44.77408478620774,0.15995836174626152,941.9921830117813,0.0004283983819773092,373,587.5043404197996,587.5043404197996,-11920.190092269446,-2218.424698054241,421.0881328761518,118.72273486750532,1008.5924732959514,0.0,0.16330397799369298,0.014462477104485867,0.016824257147291116
23.81731070913401,18466.023610571756,973.0114729302325,92.28585588492601,44.4322397838202,0.1877824664140433,880.7256170453064,0.0007666301275902484,245,503.18497227738004,503.18497227738004,-10255.58608665928,-2010.0726127035111,467.1880104117493,149.52474199088937,970.3729826891293,0.5954327677283513,0.2833688913138629,0.015497740030191045,0.019889317440416755
31.417064150343467,8553.111022659954,1000.5202100252667,103.28334584902868,48.294258266278405,0.26268490897803154,897.236864176238,0.0014946164291874205,176,633.4399952506676,633.4399952506676,-3481.7031202904154,-1002.829767489504,364.68671521813565,130.1505863480827,998.1267104688033,0.0,0.19232503037499324,0.012277168603836841,0.016614555153188767
25.167330310301033,22375.942794995277,1041.780144147772,60.58790441484882,47.75143204879572,0.18726957791402316,981.1922397329232,0.0007786108875053396,241,472.9264703574904,472.9264703574904,-13278.453023842414,-2708.6528441388446,567.2709282893718,215.10175449882854,1040.1973986468622,0.6291832577575273,0.3546671573047525,0.014982931595686883,0.020296885352820707
27.920066252242503,17615.33073453967,955.4906724268993,150.69933313995617,30.99492824745728,0.2986213547964571,804.7913392869432,0.0010229796657762287,292,457.98495311572333,457.98495311572333,-7640.826902830766,-1161.0134033552695,492.54606060037963,134.23911528246356,950.531013716103,1.3960033126121252,0.30658818107863833,0.016456886594821384,0.0215023735221451
26.369271726609817,15498.710746230594,1067.4801707752047,66.71731394039783,42.89641114534696,0.12313454880573026,1000.7628568348068,0.0009371550603625151,131,648.507232649701,648.507232649701,-8872.883930140075,-2869.294894892306,417.93331511347003,193.81669394932794,1066.440547763171,0.0,0.2954547487086489,0.010344439297371798,0.016573097376577098
13.984247826774572,19033.157617761306,1065.202805275534,138.70609811771124,26.602422890342485,0.1853582584407486,926.4967071578228,0.0002917663442302168,635,540.0238410086052,540.0238410086052,-18640.473608265205,-2085.979753610423,513.4366693829542,93.0589547644297,1053.4605103915594,0.3496061956693641,0.1763176388849876,0.015767678723708153,0.01854779860696943
12.384811688630283,9332.157124895746,966.3395848986592,98.5483456036429,46.21479405548227,0.3134084120382559,867.7912392950162,0.00026542793225330487,1181,604.3748031244569,604.3748031244569,-8793.705479204536,-840.3231892448916,343.80978241853575,44.70791956031485,948.1845855429926,0.6192405844315145,0.08074525894815146,0.015418220526418325,0.016663168735343677
15.555606149450586,8643.999242374559,997.9190432493841,148.4824570677028,47.71676799045369,0.17540266251283904,849.4365861816814,0.0004082941191263634,430,641.7384864744878,641.7384864744878,-6067.22762339325,-1183.016883911735,346.77878213468625,72.94047001066667,988.517268609174,0.0,0.09689649855273452,0.013281060577178672,0.016669970240442342
13.876560048126944,24617.173104066616,1014.2023182106693,63.72687818118377,35.068576168489756,0.1494078937862518,950.4754400294855,0.0002755002248373876,542,511.4193435746292,511.4193435746292,-25831.3585769611,-2940.3482305806947,498.43859197065143,109.48718688432217,1009.8579355452806,0.3469140012031741,0.22130909433124574,0.01612269686765018,0.019690796309607052
30.016693694195386,20016.998782506216,1059.6618137820353,143.04659014119068,25.521048669590048,0.2360451809302762,916.6152236408446,0.00107977984581894,219,455.53582017746396,455.490854592392,-9371.018962007942,-1949.8283951999354,600.8030557389583,206.7673678474008,1056.3388759164222,0.7504173423548838,0.37376813701647066,0.015097650409565863,0.020742225225153784
17.425477323648817,21711.01109338219,1071.560926444574,86.08383673992331,35.72603886935555,0.1091556337077896,985.4770897046508,0.00041748161862079563,261,552.1952363201347,552.1952363201347,-18663.09193072821,-3976.423524769524,516.6118330737902,175.91673642637,1068.8070693939248,0.0,0.2528987961694758,0.014112715033804919,0.017681803676537045
18.875441327011607,22810.42478084698,1064.6860152295299,157.66676517910207,54.814065516424776,0.14081359842779195,907.0192500504278,0.000474395124715017,297,507.3416783435083,507.3416783435083,-16011.10306799193,-2836.6980593684184,551.7966009571813,149.7552011807037,1059.1382793006896,0.4718860331752901,0.2781315766245951,0.015135802016940201,0.019345546495389505
16.047730865842396,18739.23495308119,1048.8500952751217,74.32140591665635,35.60333058215775,0.12710962227499056,974.5286893584654,0.00037592360554796205,338,561.4084234537836,561.4084234537836,-17211.581821567066,-3251.3236449429646,484.18811117476935,145.91616743501788,1045.596534628553,0.0,0.20253777066516346,0.014643912682107607,0.017609858110556997
15.846644684219239,21391.500832058126,1003.9270263996187,145.82267124293196,39.61312697774041,0.32204092250468785,858.1043551566868,0.0003613785399937611,891,448.31762477272923,448.31762477272923,-17053.58003373329,-1272.6759231284238,539.1930138188956,88.31841523501919,987.5106385916248,1.1884983513164427,0.2097498015199512,0.018372972188425308,0.0222266994582791
24.480196219829324,19150.663306723873,1008.2468835850406,156.59432739737395,31.864615954495996,0.14299943794524086,851.6525561876666,0.0007886363846418128,181,494.447959629136,494.447959629136,-10004.556462696772,-2502.4283646648655,510.55206676569367,177.1654408810399,1005.0000263948297,0.6120049054957333,0.3000718196521666,0.015366628465451558,0.019977720630998386
21.491175398860705,16374.593773906583,1020.3983744490582,63.858537985823254,51.42467633447508,0.21157373494666737,956.539836463235,0.0006548198486076811,323,533.2491399169452,533.2491399169452,-10879.949545693087,-2001.310002000817,484.57941476734277,148.97158922717472,1017.828554684288,0.5372793849715181,0.2320086132324364,0.01522094591016258,0.018752336462865324
15.795381326289116,10781.750873784886,992.493449628953,125.2928876595075,38.58166562193713,0.24735360429862946,867.2005619694455,0.00040925461909809826,604,589.7927572811187,589.7927572811187,-8223.258961668944,-1122.246209121302,391.87760809381484,70.33629892548674,981.6703653749336,0.39488453315722827,0.117514232910413,0.01525216556479153,0.017044512101360623
12.144095524653736,11693.506193538922,1064.9269154432225,94.07987156534014,28.932993052315577,0.3267409278919278,970.8470438778824,0.00024194872450473075,1350,593.0257695434228,593.0257695434228,-13375.55990327667,-1156.72281881629,451.17942142905724,57.15606683568433,1044.20519097248,0.30360238811634294,0.09820905706861813,0.015114174399214388,0.01665012265590747
26.60422127784609,19246.8946919507,966.1242511866906,157.88801873570577,27.41022373994546,0.12392098964462278,808.2362324509847,0.000914668807331421,135,484.95042737041126,484.95042737041126,-8856.284250234237,-2618.116686683739,478.81318018625075,184.8333572804612,963.763607556662,0.6651055319461512,0.32545287380911925,0.01538285245388722,0.020389245992386475
14.261625508751637,13988.218698243172,1078.7417830824334,147.1473167820164,30.19806386993855,0.3156962734789681,931.594466300417,0.00031787085523091906,993,559.2485918604888,559.2485918604888,-12987.107906571475,-1179.6321145938193,498.75271893480465,71.61227751189654,1058.0013107952934,0.7130812754375824,0.1342510071153732,0.01576383615113416,0.017880147030425647
27.985165317486814,19359.310475490292,1066.6098501312333,96.25323180858453,37.8661028599068,0.2326387657651819,970.3566183226487,0.0009704251910446814,240,475.8991537284936,475.8991537284936,-10214.720412803848,-2123.027570616847,588.1677114637583,212.92736524117845,1064.066865192252,0.6996291329371702,0.3420636783690405,0.015015666473375941,0.020151980580421593
19.66833764793935,18369.61356633917,1066.8537130445898,142.40059458868487,31.384265004318145,0.2219457008809269,924.4531184559049,0.0005391524498062692,412,519.4606881723436,519.4606881723436,-12878.98282102159,-1823.2159308427981,540.0952478950732,122.45268525320171,1059.5559360674167,0.49170844119848267,0.23564652777896186,0.015433623060759266,0.019070502746076502
22.55121834951651,9420.577675313718,1062.46623729883,109.59315968672078,39.20536469606447,0.1395682059682898,952.8730776121092,0.0007898861376159259,177,717.6118711867692,717.6118711867692,-5677.289948755562,-1682.7227305785996,342.18357621618463,116.00666981184258,1059.7954474029539,0.0,0.22111859712055476,0.012264541054103672,0.01663333886729447
25.808643988628912,22905.104655288076,950.1231878418846,100.92927726184617,52.649493533132926,0.26170191794287934,849.1939105800384,0.0008215226389399078,319,439.930007977942,439.930007977942,-11295.99275338658,-1561.6842208777718,506.78691252217294,147.57577055898906,946.716920500115,0.6452160997157224,0.36354265945630176,0.015988172709369503,0.021800555535980357
12.219986074997742,8031.371951697181,959.6783140247552,136.188954037764,25.453880521300217,0.31476798649317883,823.4893599869912,0.0002631182877124434,1196,609.8941050524655,609.8941050524655,-6834.127335793381,-678.749287373299,324.4400526617626,39.597802111031456,934.3341577142281,0.6109993037498864,0.06892900686700397,0.015436058785702514,0.0166789341848509
17.289235147778182,25379.44257703683,960.3627554833677,77.6759117223579,48.62803639690948,0.19780478598015006,882.6868437610098,0.00040548770047320624,488,461.4666959375208,461.4666959375208,-19557.042037345203,-2128.6861219578204,494.4613139515457,117.6881848726577,955.9280098890665,0.864461757388909,0.2739916981133888,0.01690039919839866,0.02153096827356206
25.908262809945214,16349.040992939399,1027.0064725952548,150.9952760382381,52.26297773226109,0.2187804456822668,876.0111965570167,0.0009058248829004979,242,510.65390280888226,510.65390280888226,-8042.378799690709,-1666.7028161364763,512.0230703480847,153.9397475902917,1022.676973156967,0.6477065702486309,0.2745281576120388,0.015232107498000712,0.01941374990597537
27.010591343745,15346.694898646816,1004.3270107253876,119.89200610401736,28.14655862923419,0.28131899051993703,884.4350046213702,0.0009955409131520894,283,505.84907983944197,505.84907983944197,-7587.931324842141,-1343.751355522521,494.4366594567655,139.19403300520173,1000.2857392962075,0.6752647835936259,0.2677482791005231,0.015560483053326949,0.019726775612828096
29.63414112557902,11512.784078799901,1056.7805022797518,61.531248705158305,50.574205055187775,0.12447845389927106,995.2492535745935,0.0012422857805212484,100,721.4852114072289,721.4852114072289,-5721.730868547965,-2203.7122734552786,334.5322645046356,166.33700601236728,1056.0174759118645,0.0,0.3541199570932618,0.011187803221629473,0.016586234830888096
30.368114231523258,20776.975658665946,1035.8352884628816,79.81100379679516,37.474441351874965,0.17122734084409713,956.0242846660865,0.001090361066627338,157,492.49443442287776,492.49443442287776,-10032.162611352984,-2707.7447266463764,542.0441251178477,245.39642852131664,1034.5385595407254,0.0,0.40319387938281404,0.013861149448865547,0.0194498800678586
29.129017875356595,24403.037586179908,1004.844992114322,97.36886888132958,40.69713485227297,0.21422904846451857,907.4761232329924,0.000964615720356603,222,438.16591952935744,436.54399378421397,-11635.643432171695,-2191.556577381338,564.5403995199944,202.41358166309305,1002.7063190493518,0.7282254468839143,0.43654292278869133,0.014783914144287744,0.021292061424533677
22.21510518451833,25899.73192777136,1065.8352489835074,92.93289782804942,39.39229045589052,0.2710297239922653,972.9023511554581,0.0005994010102093219,452,444.541533158306,444.541533158306,-17353.47490304276,-1950.1800012271285,616.7399869633703,154.37973641584136,1061.2815201216763,0.5553776296129582,0.3549153861287734,0.015613720242800987,0.021155269791681346
14.103500145268274,21113.645835338124,1022.5189275601476,81.02973114383144,34.671873593962204,0.2485176672536977,941.4891964163162,0.0002930985779307965,848,495.27901760561974,495.27901760561974,-21326.662209507438,-1795.2705615711257,518.246985239699,90.3738156682872,1013.5260028453188,0.7051750072634135,0.19067039935156396,0.01717716490155918,0.020452341793067135
24.007231062857965,21312.562949305066,1079.9810129085238,150.4063431793998,52.083560720109496,0.10319902551132999,929.574669729124,0.0007259715434797261,142,551.9386043876041,551.9386043876041,-12198.806282501933,-3663.2412588910825,525.6597831257063,213.0923917865872,1077.5983875133104,0.0,0.3419726936744474,0.012937510238322984,0.017361785463963036
11.759740203680435,21602.11281771356,1028.933991574431,101.96869024196789,30.09797840343035,0.2885981826764685,926.9653013324631,0.00021018740622713973,1373,471.55662671192624,471.55662671192624,-25509.015796067077,-1578.0620311867865,536.4500853306082,72.27869542398435,1008.0067120425344,0.8819805152760328,0.1598439447343749,0.018574344320536864,0.021543340787586008
25.771104474679163,20259.89987577208,1095.3302314474702,67.87390883943301,53.933594959540486,0.192157649693745,1027.4563226080372,0.0008273461745695055,232,523.8741368996695,523.8741368996695,-12163.447349468632,-2623.5848259793534,569.6983464269971,217.77028845933262,1093.5724833266665,-1.734723475976807e-15,0.3415915294638389,0.013660601828002812,0.018326947699826807
10.561297745812212,16893.222733138973,1023.9997518839873,87.49415153901288,35.900456707794696,0.21759071503187352,936.5056003449745,0.00017994777179420617,1209,555.4207660010479,555.4207660010479,-21937.85322243752,-1751.6562850594355,452.4329668914148,62.52283275074751,1007.8537328924627,0.5280648872906107,0.1196381252228845,0.016428805256734087,0.01839431671730162
11.212289273844991,12112.930903852459,1069.2448892542143,116.53469211836816,37.62744271279944,0.13175435074833305,952.7101971358461,0.00020710115664463496,636,662.1538777477062,662.1538777477062,-14226.853207313981,-2205.924709393545,396.1565584204343,78.68779981648447,1058.3104361681405,0.0,0.10831976045255168,0.01271595329393936,0.016659408909821212
13.263087087914009,8771.354020963983,1056.5621690560522,117.20116320189973,54.16901426993927,0.11695780992106405,939.3610058541525,0.000295606690398091,396,742.5688588499023,742.5688588499023,-8122.38983277325,-1681.1184669166682,307.04941251960383,69.36596356980726,1049.6182713695061,0.0,0.11970683178771113,0.013403621630253363,0.016666069461967418
19.448620038319447,11210.99708109074,991.1401969551914,90.92547907495936,46.82238336248797,0.15816270735963983,900.214717880232,0.0005971092573824665,265,625.3216059591572,625.3216059591572,-7466.669240304163,-1737.2574365413561,362.51031629684724,111.00383084242765,987.8319222560044,0.0,0.15481182211616112,0.01315904080758605,0.016625006574566094
16.543068709298094,16717.029937316976,979.7933212700995,128.01515816336695,35.55339448700923,0.3272648765809044,851.7781631067326,0.000414775625775534,789,490.81747638862555,490.81747638862555,-12615.223866667355,-1102.9851713352975,475.6652628986866,81.57498370329051,966.4827392873121,0.8271534354649052,0.17660102696736454,0.01782896551263684,0.020977579131934234
25.4937878862263,9898.842798236245,1075.290419102176,70.57283629298894,40.56500094890889,0.12343761277053282,1004.717582809187,0.0009753030819022062,127,757.6896277436698,757.6896277436698,-5735.26041308803,-1994.356466705941,316.40967766479696,135.7996286149397,1074.0993054084668,0.0,0.257677944460901,0.012041889076186198,0.016611015385873645
20.938532228187032,16647.61599332812,957.697838666861,136.91693757549638,42.22058657226975,0.13624896752880958,820.7809010913646,0.0006340803609685337,215,530.4527855314965,530.4527855314965,-9554.960714079514,-2129.6406753913716,423.5892257257557,126.7229605943636,954.0420112572522,0.5234633057046751,0.2293115024602727,0.015626701848914796,0.01921008432838817
18.438614708010164,22291.699264746654,1051.9677159170756,77.19727382123736,29.364147151677972,0.34635070852355676,974.7704420958382,0.0004594332962171751,754,453.8759527510658,453.8759527510658,-18129.032059176425,-1503.681826051579,591.0713266113446,113.6862953116406,1044.9472793624104,0.9219307354005092,0.2553215577669187,0.017076771434514734,0.021436839318804655
24.83562510973173,24684.37392479915,1002.6464931044669,96.57158180784239,41.74996788481501,0.2797313028688842,906.0749112966246,0.0007423922741094919,377,431.67755265562147,431.67755265562147,-13734.675241268182,-1694.991280610914,567.1418665718388,155.65970778404306,998.8194192274603,0.6208906277432937,0.37475364980182974,0.01583406490279187,0.02176793851631218
18.260333554288643,10172.986719035336,1031.6258602957391,155.69834392104806,42.41593136414174,0.25988413581678327,875.9275163746911,0.0005341114786819079,487,592.3284990376242,592.3284990376242,-6636.433689592776,-1090.2945693504716,428.5761299535628,86.38192094559076,1020.904628991187,0.45650833885721614,0.12847589781180627,0.01478682071162723,0.01668657077833575
26.8315006442704,24208.78198417414,1010.2530152677718,101.50478978062185,25.654054513859496,0.1496852618578228,908.74822548715,0.0008467839837460266,177,445.69604775746853,445.69604775746853,-12739.094727102009,-3089.4703356333434,562.7185335385238,232.26851337124373,1008.4145812959923,0.6707875161067606,0.4010636876592088,0.015088829744197766,0.02114041144386768
13.53432092315511,18614.83488008951,1016.6141621456441,99.37243724626761,45.27395714206472,0.2150549003631643,917.2417248993764,0.0002797883661376057,769,533.0327232294874,533.0327232294874,-18517.980407826046,-1785.712521019283,473.2860677999488,82.3103293960329,1006.3187910294362,0.6767160461577555,0.1660140812414371,0.01640637142027129,0.019130060098113397
14.799312617029639,8618.57178955854,1007.1235088953516,73.59461245068849,25.844570672608924,0.24826936321081472,933.5288964446631,0.0003700692866781469,671,643.8904782951544,643.8904782951544,-7782.092401872407,-1166.4083064398358,355.90150076208135,72.98841036687202,999.7919790572357,0.0,0.09208056442508566,0.0131947139084394,0.01664757622294229
25.002620699261964,16475.468472223954,1048.4878193933118,133.16391812350372,33.276326229900285,0.31409817553086483,915.3239012698082,0.0008455248492209731,371,503.55867075850335,503.55867075850335,-9031.337158027945,-1312.65134140803,539.0042823536934,131.8129770766866,1042.5629531121967,0.6250655174815483,0.26556210435681177,0.015498250211724733,0.019613998151798755
24.60414538198003,11816.140296124167,1062.1929258228856,116.9013038425197,28.19227776782573,0.154040173895169,945.2916219803659,0.0008872372811244754,174,647.2043822286367,647.2043822286367,-6708.87849796155,-1930.8758688241753,412.3484090707499,148.41215378974903,1059.5527912993866,0.0,0.21014798662585987,0.011304565262909023,0.016613936105504656
26.87074416521335,13383.67705725553,1017.7785278262139,98.79579203263674,49.28349878283757,0.2339704366089763,918.9827357935771,0.0010192464024708118,230,551.1648543282853,551.1648543282853,-6728.962201578155,-1569.0103751233737,463.80472229994314,160.31808961535546,1014.9695766282284,-1.734723475976807e-15,0.24053901626138655,0.014526322166533127,0.018020469410366977
28.022397063909533,15620.070560984488,971.4713886702572,69.02467249406641,26.656815898028906,0.3260195005701926,902.4467161761908,0.0010626046646517436,307,495.4267616449063,495.4267616449063,-7737.454731750314,-1247.686878854946,473.5662559810424,138.54251094421448,968.9930176259487,0.7005599265977394,0.28052693234686754,0.01576961228881777,0.020193413248499284
13.214051970497165,9364.423216871352,1094.4268830737983,134.20014875859334,47.12508604206448,0.16169756575880107,960.226734315205,0.0002882927674849121,561,713.0592820118349,713.0592820118349,-8929.420729712927,-1528.2509436122414,370.1526512601573,73.75302201506634,1083.2119332719922,0.0,0.12907757668677777,0.013013273852009651,0.016669214891425626
23.910501317373612,9874.57042000656,1024.3222326615055,113.41601117259495,44.70477468247903,0.3211731475162971,910.9062214889105,0.0008817318287591447,364,581.8483285412073,581.8483285412073,-5357.169646525471,-1025.260936398291,436.86885763049906,115.81049477439944,1018.7171861717063,0.5977625329343407,0.16196216689307294,0.014661310914790119,0.017035888600042588
30.64431054826265,21475.634283444466,991.2848166595338,62.919515361271486,48.95813992253312,0.2940388441318428,928.3653012982624,0.0011026779362136507,267,450.09878136527055,450.09878136527055,-9892.875639851223,-1624.4637853475654,539.4730613721599,181.45646969044373,989.5718427374304,0.7661077637065652,0.4077269060636412,0.014942386663272854,0.02103479974669571
30.102061900119317,15255.786495248329,951.9232370210094,108.92571122277337,26.28388401409283,0.33525540953515653,842.997525798236,0.0012150632298062302,276,481.31124353111284,481.31124353111284,-6507.737809698804,-1078.5097534842537,467.1530841590927,136.04334666111538,948.4643276902056,0.7525515475029828,0.291292221116288,0.016077679383592804,0.020760982321635105
27.789929492691265,15942.299723235736,1063.0636797069615,128.98771465514807,45.96171304462425,0.21008665698215426,934.0759650518135,0.0010196315322936415,206,530.755184624723,530.755184624723,-7932.191885027839,-1920.171948533936,529.1987415149496,189.4504056658118,1059.9539261396726,0.0,0.29155536361382706,0.014255581278223434,0.018411872461322334
13.43193771156491,10048.325665304976,1008.7712153990637,98.36654783774091,49.93047767448015,0.1781315777023833,910.4046675613229,0.00030297467803728546,588,643.0955632363318,643.0955632363318,-9335.221370812704,-1500.4795886758925,357.1534237326888,74.3233164133917,1000.2489869690206,0.0,0.09729587051758407,0.013152312334536391,0.016653350115251563
23.391423556691187,18491.222162304526,1082.5490293149228,104.11198814290651,26.859700470880725,0.13371383314860386,978.4370411720163,0.0007238162363192886,185,566.8333584038269,566.8333584038269,-11813.026341652596,-3073.8254546952508,513.446491336374,199.339118477385,1080.279849740201,0.0,0.29256174122805945,0.013088087287592507,0.0169171608937954
29.321705432446613,14900.069736578906,1095.7826357191914,120.8528587494223,39.80243600261967,0.25231736820441064,974.9297769697691,0.001130639167564907,223,543.9827777540419,543.9827777540419,-7389.521220842087,-1709.2082158206995,548.6240383358867,193.5623619969815,1092.6068160899285,-1.734723475976807e-15,0.29049959031577915,0.01376872457469377,0.01776853342281311
